,Player_ID,goals,minutes_played,Appearances,goals_90,goals_game
0,215,5,1331,29,266.2,0.1724137931034483
1,1726,1,1634,20,1634.0,0.05
2,2923,1,1333,20,1333.0,0.05
3,2963,0,773,12,inf,0.0
4,3979,0,2880,32,inf,0.0
5,4192,0,178,7,inf,0.0
6,5169,1,716,14,716.0,0.07142857142857142
7,5404,3,4407,62,1469.0,0.04838709677419355
8,5856,0,2936,40,inf,0.0
9,5957,0,1298,21,inf,0.0
10,6119,0,1088,21,inf,0.0
11,6585,5,874,16,174.8,0.3125
12,6838,0,124,2,inf,0.0
13,7492,0,519,8,inf,0.0
14,7501,0,375,13,inf,0.0
15,7512,1,1967,35,1967.0,0.02857142857142857
16,7542,0,2945,37,inf,0.0
17,7568,0,3481,41,inf,0.0
18,7593,0,7519,95,inf,0.0
19,7600,2,7012,105,3506.0,0.01904761904761905
20,7607,2,1780,31,890.0,0.06451612903225806
21,7631,1,2573,38,2573.0,0.02631578947368421
22,7663,24,11663,205,485.9583333333333,0.11707317073170732
23,7717,7,3280,64,468.57142857142856,0.109375
24,7767,27,4956,107,183.55555555555554,0.2523364485981308
25,7781,5,7859,96,1571.8,0.052083333333333336
26,7782,3,2310,67,770.0,0.04477611940298507
27,7874,0,9031,103,inf,0.0
28,7881,2,3413,40,1706.5,0.05
29,7914,0,9037,101,inf,0.0
30,7922,18,6145,97,341.3888888888889,0.18556701030927836
31,7923,3,6004,69,2001.3333333333333,0.043478260869565216
32,7945,0,2027,31,inf,0.0
33,7983,0,1382,31,inf,0.0
34,7989,3,1442,28,480.6666666666667,0.10714285714285714
35,8060,1,1854,22,1854.0,0.045454545454545456
36,8108,0,207,5,inf,0.0
37,8176,0,6032,68,inf,0.0
38,8184,0,7668,88,inf,0.0
39,8198,134,11124,127,83.01492537313433,1.0551181102362204
40,8538,7,4098,57,585.4285714285714,0.12280701754385964
41,9819,1,1251,14,1251.0,0.07142857142857142
42,11111,2,3807,48,1903.5,0.041666666666666664
43,11530,0,540,6,inf,0.0
44,12249,17,11483,155,675.4705882352941,0.10967741935483871
45,12906,0,188,3,inf,0.0
46,13038,0,2749,37,inf,0.0
47,13872,2,4137,50,2068.5,0.04
48,14132,5,5194,61,1038.8,0.08196721311475409
49,14259,1,540,6,540.0,0.16666666666666666
50,14535,0,225,3,inf,0.0
51,14937,0,180,2,inf,0.0
52,14940,0,734,10,inf,0.0
53,15452,1,9363,99,9363.0,0.010101010101010102
54,15461,0,69,2,inf,0.0
55,15500,0,31,3,inf,0.0
56,15568,0,1563,28,inf,0.0
57,15693,18,10130,135,562.7777777777778,0.13333333333333333
58,15790,0,1197,34,inf,0.0
59,15799,15,5108,70,340.53333333333336,0.21428571428571427
60,15804,1,1531,22,1531.0,0.045454545454545456
61,15904,1,2173,34,2173.0,0.029411764705882353
62,15951,1,5777,73,5777.0,0.0136986301369863
63,15956,2,12725,155,6362.5,0.012903225806451613
64,15983,1,5289,66,5289.0,0.015151515151515152
65,16135,4,560,11,140.0,0.36363636363636365
66,16306,24,16725,208,696.875,0.11538461538461539
67,16315,0,90,1,inf,0.0
68,16458,0,2367,27,inf,0.0
69,16595,0,988,12,inf,0.0
70,16635,1,11027,132,11027.0,0.007575757575757576
71,16922,10,2232,31,223.2,0.3225806451612903
72,17129,0,408,8,inf,0.0
73,17396,0,932,18,inf,0.0
74,17491,0,2395,33,inf,0.0
75,18006,3,6192,89,2064.0,0.033707865168539325
76,18091,0,724,13,inf,0.0
77,18644,26,7216,124,277.53846153846155,0.20967741935483872
78,18900,0,158,5,inf,0.0
79,18922,150,20358,256,135.72,0.5859375
80,18935,2,1843,23,921.5,0.08695652173913043
81,18944,18,19718,227,1095.4444444444443,0.07929515418502203
82,19104,10,1951,35,195.1,0.2857142857142857
83,19447,1,444,9,444.0,0.1111111111111111
84,19636,0,42,2,inf,0.0
85,19958,0,540,6,inf,0.0
86,19979,0,5393,61,inf,0.0
87,19981,1,7358,92,7358.0,0.010869565217391304
88,20005,8,2967,47,370.875,0.1702127659574468
89,20346,11,3309,57,300.8181818181818,0.19298245614035087
90,20506,3,9456,140,3152.0,0.02142857142857143
91,21297,0,54,6,inf,0.0
92,21369,7,4401,68,628.7142857142857,0.10294117647058823
93,21725,7,9540,113,1362.857142857143,0.061946902654867256
94,21748,0,128,7,inf,0.0
95,22550,0,5444,63,inf,0.0
96,22586,4,988,25,247.0,0.16
97,22969,1,10730,137,10730.0,0.0072992700729927005
98,23102,0,199,9,inf,0.0
99,23218,0,1575,18,inf,0.0
100,23338,0,5664,65,inf,0.0
101,25316,33,6541,83,198.21212121212122,0.39759036144578314
102,25319,3,3301,59,1100.3333333333333,0.05084745762711865
103,25412,1,5283,78,5283.0,0.01282051282051282
104,25441,0,698,12,inf,0.0
105,25461,0,131,4,inf,0.0
106,25508,0,1799,20,inf,0.0
107,25557,36,15742,182,437.27777777777777,0.1978021978021978
108,26065,0,6124,69,inf,0.0
109,26066,7,8077,102,1153.857142857143,0.06862745098039216
110,26148,0,34,3,inf,0.0
111,26199,6,4980,62,830.0,0.0967741935483871
112,26443,0,390,15,inf,0.0
113,27292,0,43,1,inf,0.0
114,27374,4,13662,164,3415.5,0.024390243902439025
115,27389,59,10106,202,171.28813559322035,0.29207920792079206
116,27448,0,2991,35,inf,0.0
117,27453,1,1976,23,1976.0,0.043478260869565216
118,27470,4,1463,23,365.75,0.17391304347826086
119,27486,0,6790,76,inf,0.0
120,27487,0,1767,31,inf,0.0
121,27493,0,14756,164,inf,0.0
122,27924,0,4292,60,inf,0.0
123,27992,19,17578,227,925.1578947368421,0.08370044052863436
124,28003,231,20545,243,88.93939393939394,0.9506172839506173
125,28005,1,907,13,907.0,0.07692307692307693
126,28171,10,7099,111,709.9,0.09009009009009009
127,28260,1,1367,28,1367.0,0.03571428571428571
128,28261,3,3965,60,1321.6666666666667,0.05
129,28285,0,166,11,inf,0.0
130,29051,0,5130,57,inf,0.0
131,29055,0,1807,24,inf,0.0
132,29065,0,1258,22,inf,0.0
133,29124,66,11052,164,167.45454545454547,0.4024390243902439
134,29178,0,271,16,inf,0.0
135,29401,0,294,11,inf,0.0
136,29559,0,4373,49,inf,0.0
137,30321,5,4250,58,850.0,0.08620689655172414
138,30584,2,1718,20,859.0,0.1
139,30666,2,1479,24,739.5,0.08333333333333333
140,30677,4,11727,141,2931.75,0.028368794326241134
141,30749,0,1467,17,inf,0.0
142,30846,0,557,12,inf,0.0
143,30929,0,572,7,inf,0.0
144,31909,19,20037,243,1054.578947368421,0.07818930041152264
145,32467,32,18579,272,580.59375,0.11764705882352941
146,32522,1,11703,156,11703.0,0.00641025641025641
147,32622,0,560,9,inf,0.0
148,33210,0,4081,47,inf,0.0
149,33357,3,2025,23,675.0,0.13043478260869565
150,33448,0,64,6,inf,0.0
151,33648,0,579,12,inf,0.0
152,33706,5,1846,25,369.2,0.2
153,34370,0,13798,155,inf,0.0
154,34495,0,1386,24,inf,0.0
155,34564,1,231,9,231.0,0.1111111111111111
156,34572,12,1941,28,161.75,0.42857142857142855
157,34601,67,18516,269,276.35820895522386,0.24907063197026022
158,34870,28,7459,118,266.39285714285717,0.23728813559322035
159,35242,0,1807,22,inf,0.0
160,35448,0,601,11,inf,0.0
161,35462,0,450,5,inf,0.0
162,35518,4,3564,46,891.0,0.08695652173913043
163,35536,0,2544,31,inf,0.0
164,35539,2,6389,80,3194.5,0.025
165,35540,11,3368,58,306.1818181818182,0.1896551724137931
166,35541,0,1800,20,inf,0.0
167,35548,0,2221,27,inf,0.0
168,35560,0,3471,44,inf,0.0
169,35562,5,2096,29,419.2,0.1724137931034483
170,35564,4,1161,23,290.25,0.17391304347826086
171,35600,1,1035,12,1035.0,0.08333333333333333
172,35773,24,7760,112,323.3333333333333,0.21428571428571427
173,35871,0,1320,19,inf,0.0
174,35939,5,7945,92,1589.0,0.05434782608695652
175,36350,1,3303,53,3303.0,0.018867924528301886
176,36356,0,554,7,inf,0.0
177,36371,2,638,17,319.0,0.11764705882352941
178,37337,6,4364,69,727.3333333333334,0.08695652173913043
179,37397,0,2882,36,inf,0.0
180,37399,3,1702,28,567.3333333333334,0.10714285714285714
181,37403,0,5326,60,inf,0.0
182,37501,20,3342,58,167.1,0.3448275862068966
183,37579,2,883,14,441.5,0.14285714285714285
184,37666,11,3593,66,326.6363636363636,0.16666666666666666
185,37712,3,7460,89,2486.6666666666665,0.033707865168539325
186,37834,19,5324,93,280.2105263157895,0.20430107526881722
187,37892,0,2252,27,inf,0.0
188,37906,0,243,3,inf,0.0
189,37917,13,6985,130,537.3076923076923,0.1
190,38270,0,1807,23,inf,0.0
191,38414,0,854,16,inf,0.0
192,39004,0,365,5,inf,0.0
193,39151,2,4904,78,2452.0,0.02564102564102564
194,39152,7,997,22,142.42857142857142,0.3181818181818182
195,39381,66,10714,149,162.33333333333334,0.4429530201342282
196,39907,6,13083,178,2180.5,0.033707865168539325
197,40423,0,9555,107,inf,0.0
198,40428,0,4405,59,inf,0.0
199,40442,1,1342,32,1342.0,0.03125
200,40888,6,10596,158,1766.0,0.0379746835443038
201,41281,2,4972,60,2486.0,0.03333333333333333
202,41355,1,615,16,615.0,0.0625
203,41749,0,180,2,inf,0.0
204,42373,0,7452,83,inf,0.0
205,42714,5,1753,22,350.6,0.22727272727272727
206,42920,1,2232,48,2232.0,0.020833333333333332
207,42935,0,1038,15,inf,0.0
208,43003,3,4474,55,1491.3333333333333,0.05454545454545454
209,43256,1,1238,15,1238.0,0.06666666666666667
210,43264,0,3798,44,inf,0.0
211,44012,4,4115,52,1028.75,0.07692307692307693
212,44027,6,1462,26,243.66666666666666,0.23076923076923078
213,44062,0,9356,105,inf,0.0
214,44065,5,7829,131,1565.8,0.03816793893129771
215,44069,4,10439,135,2609.75,0.02962962962962963
216,44073,14,7995,117,571.0714285714286,0.11965811965811966
217,44162,0,620,19,inf,0.0
218,44317,0,678,9,inf,0.0
219,44352,176,20280,258,115.22727272727273,0.6821705426356589
220,44373,1,3812,50,3812.0,0.02
221,44412,12,7926,96,660.5,0.125
222,44501,11,14672,188,1333.8181818181818,0.05851063829787234
223,44514,5,1590,28,318.0,0.17857142857142858
224,44674,1,1388,26,1388.0,0.038461538461538464
225,44675,0,436,13,inf,0.0
226,44699,2,6307,78,3153.5,0.02564102564102564
227,44735,0,3663,45,inf,0.0
228,44779,10,3513,54,351.3,0.18518518518518517
229,45121,8,1218,23,152.25,0.34782608695652173
230,45184,2,4986,58,2493.0,0.034482758620689655
231,45256,5,6982,81,1396.4,0.06172839506172839
232,45305,0,5374,69,inf,0.0
233,45314,0,295,4,inf,0.0
234,45319,5,6047,78,1209.4,0.0641025641025641
235,45335,19,4033,71,212.26315789473685,0.2676056338028169
236,45383,18,5740,104,318.8888888888889,0.17307692307692307
237,45599,1,1787,23,1787.0,0.043478260869565216
238,45639,3,5843,97,1947.6666666666667,0.030927835051546393
239,45653,4,4211,50,1052.75,0.08
240,45710,1,1412,23,1412.0,0.043478260869565216
241,45775,0,241,10,inf,0.0
242,45882,0,2880,32,inf,0.0
243,45912,0,11240,127,inf,0.0
244,46104,6,1204,21,200.66666666666666,0.2857142857142857
245,46110,0,791,13,inf,0.0
246,46215,17,3006,51,176.8235294117647,0.3333333333333333
247,46220,3,1917,27,639.0,0.1111111111111111
248,46413,32,6470,93,202.1875,0.34408602150537637
249,46415,16,5021,80,313.8125,0.2
250,47647,2,2007,37,1003.5,0.05405405405405406
251,47659,0,540,6,inf,0.0
252,48859,2,3586,46,1793.0,0.043478260869565216
253,49500,5,15721,182,3144.2,0.027472527472527472
254,49795,0,356,18,inf,0.0
255,50202,4,2429,48,607.25,0.08333333333333333
256,50355,2,749,14,374.5,0.14285714285714285
257,50487,5,1263,31,252.6,0.16129032258064516
258,50935,8,1304,32,163.0,0.25
259,51046,3,4243,52,1414.3333333333333,0.057692307692307696
260,51058,0,1306,21,inf,0.0
261,51118,0,4212,49,inf,0.0
262,51174,6,7548,89,1258.0,0.06741573033707865
263,51226,0,1123,14,inf,0.0
264,51426,6,5352,79,892.0,0.0759493670886076
265,51471,1,3707,73,3707.0,0.0136986301369863
266,51474,6,7575,124,1262.5,0.04838709677419355
267,51489,0,384,6,inf,0.0
268,51504,0,450,5,inf,0.0
269,51510,40,8950,179,223.75,0.22346368715083798
270,51532,0,186,10,inf,0.0
271,51535,0,2157,25,inf,0.0
272,51547,0,282,5,inf,0.0
273,51559,10,2611,40,261.1,0.25
274,51587,17,10522,169,618.9411764705883,0.10059171597633136
275,51663,2,3466,46,1733.0,0.043478260869565216
276,51667,2,6217,75,3108.5,0.02666666666666667
277,51710,0,17760,193,inf,0.0
278,52345,0,490,11,inf,0.0
279,52403,5,11411,134,2282.2,0.03731343283582089
280,52428,11,2211,35,201.0,0.3142857142857143
281,52432,0,54,5,inf,0.0
282,52469,12,11726,165,977.1666666666666,0.07272727272727272
283,53239,0,114,3,inf,0.0
284,53293,0,682,8,inf,0.0
285,53350,0,561,8,inf,0.0
286,54155,0,4327,54,inf,0.0
287,54217,0,990,11,inf,0.0
288,54231,2,4219,58,2109.5,0.034482758620689655
289,54235,35,16261,222,464.6,0.15765765765765766
290,54245,9,8477,141,941.8888888888889,0.06382978723404255
291,54774,0,1797,28,inf,0.0
292,54781,6,3098,35,516.3333333333334,0.17142857142857143
293,54859,0,412,6,inf,0.0
294,54928,10,13477,156,1347.7,0.0641025641025641
295,54935,0,669,10,inf,0.0
296,55135,0,1440,17,inf,0.0
297,55215,0,527,13,inf,0.0
298,55240,1,6727,85,6727.0,0.011764705882352941
299,55619,8,4679,74,584.875,0.10810810810810811
300,55854,0,576,7,inf,0.0
301,55866,0,2768,32,inf,0.0
302,56046,0,524,11,inf,0.0
303,56066,0,4495,61,inf,0.0
304,56067,20,8256,151,412.8,0.13245033112582782
305,56134,4,9735,125,2433.75,0.032
306,56777,1,9295,123,9295.0,0.008130081300813009
307,56790,2,747,14,373.5,0.14285714285714285
308,57162,7,3191,54,455.85714285714283,0.12962962962962962
309,57186,0,603,7,inf,0.0
310,57229,9,1939,34,215.44444444444446,0.2647058823529412
311,57403,0,481,8,inf,0.0
312,57522,0,7210,81,inf,0.0
313,57693,0,585,7,inf,0.0
314,57785,2,2908,38,1454.0,0.05263157894736842
315,57791,3,2263,32,754.3333333333334,0.09375
316,57800,0,2070,23,inf,0.0
317,57816,0,2787,38,inf,0.0
318,57818,0,90,1,inf,0.0
319,57825,45,11824,199,262.75555555555553,0.22613065326633167
320,57866,0,221,4,inf,0.0
321,57876,0,3327,49,inf,0.0
322,57935,0,381,17,inf,0.0
323,57943,0,1176,21,inf,0.0
324,57944,0,726,10,inf,0.0
325,57961,3,1438,18,479.3333333333333,0.16666666666666666
326,58001,11,1771,29,161.0,0.3793103448275862
327,58064,0,360,4,inf,0.0
328,58070,3,2126,28,708.6666666666666,0.10714285714285714
329,58074,0,2586,36,inf,0.0
330,58076,3,3066,49,1022.0,0.061224489795918366
331,58112,0,2423,38,inf,0.0
332,58115,0,3964,47,inf,0.0
333,58281,2,4169,57,2084.5,0.03508771929824561
334,58330,3,7023,98,2341.0,0.030612244897959183
335,58341,0,4961,56,inf,0.0
336,58345,21,4629,61,220.42857142857142,0.3442622950819672
337,58405,5,1378,26,275.6,0.19230769230769232
338,58426,3,1830,24,610.0,0.125
339,58474,0,789,10,inf,0.0
340,58497,0,2070,23,inf,0.0
341,58576,2,1686,24,843.0,0.08333333333333333
342,58774,0,411,8,inf,0.0
343,58799,11,6283,110,571.1818181818181,0.1
344,58818,4,2827,51,706.75,0.0784313725490196
345,58864,11,1100,17,100.0,0.6470588235294118
346,58874,8,7364,83,920.5,0.0963855421686747
347,58884,11,11977,163,1088.8181818181818,0.06748466257668712
348,58949,4,1612,32,403.0,0.125
349,59016,3,3096,30,1032.0,0.1
350,59248,0,1946,26,inf,0.0
351,59323,53,7393,102,139.49056603773585,0.5196078431372549
352,59343,0,556,7,inf,0.0
353,59344,10,12978,173,1297.8,0.057803468208092484
354,59349,0,5130,57,inf,0.0
355,59375,8,8257,120,1032.125,0.06666666666666667
356,59551,4,5211,87,1302.75,0.04597701149425287
357,59561,53,24309,277,458.66037735849056,0.19133574007220217
358,59783,0,169,6,inf,0.0
359,59938,1,197,3,197.0,0.3333333333333333
360,60289,0,66,1,inf,0.0
361,60410,2,4964,61,2482.0,0.03278688524590164
362,60445,4,5602,88,1400.5,0.045454545454545456
363,60542,0,5082,79,inf,0.0
364,60890,35,16020,200,457.7142857142857,0.175
365,61344,3,2012,46,670.6666666666666,0.06521739130434782
366,61401,1,191,6,191.0,0.16666666666666666
367,61464,4,2007,36,501.75,0.1111111111111111
368,61546,4,8398,105,2099.5,0.0380952380952381
369,61637,0,803,15,inf,0.0
370,61812,9,15266,182,1696.2222222222222,0.04945054945054945
371,62144,2,2883,45,1441.5,0.044444444444444446
372,62611,0,799,26,inf,0.0
373,62713,0,145,3,inf,0.0
374,62913,0,5419,70,inf,0.0
375,62920,5,15535,182,3107.0,0.027472527472527472
376,62941,0,167,3,inf,0.0
377,62945,1,10048,107,10048.0,0.009345794392523364
378,63040,3,8321,122,2773.6666666666665,0.02459016393442623
379,63056,23,7726,131,335.9130434782609,0.17557251908396945
380,63186,9,3601,55,400.1111111111111,0.16363636363636364
381,63290,5,12555,167,2511.0,0.029940119760479042
382,63463,16,17762,225,1110.125,0.07111111111111111
383,63494,2,3992,46,1996.0,0.043478260869565216
384,63689,8,5220,76,652.5,0.10526315789473684
385,63706,0,540,6,inf,0.0
386,63723,7,8448,99,1206.857142857143,0.0707070707070707
387,64000,0,6345,71,inf,0.0
388,64134,4,10618,133,2654.5,0.03007518796992481
389,64308,1,731,13,731.0,0.07692307692307693
390,64363,0,6385,78,inf,0.0
391,64399,0,9090,101,inf,0.0
392,64411,3,12821,160,4273.666666666667,0.01875
393,64484,9,2545,65,282.77777777777777,0.13846153846153847
394,64598,5,9335,107,1867.0,0.04672897196261682
395,64992,0,289,4,inf,0.0
396,65230,6,21981,272,3663.5,0.022058823529411766
397,65233,0,133,6,inf,0.0
398,65237,2,5869,70,2934.5,0.02857142857142857
399,65239,1,742,13,742.0,0.07692307692307693
400,65243,2,2378,42,1189.0,0.047619047619047616
401,65263,0,8730,96,inf,0.0
402,65278,6,1531,35,255.16666666666666,0.17142857142857143
403,65301,0,1493,29,inf,0.0
404,65318,4,14803,187,3700.75,0.0213903743315508
405,65331,5,6369,97,1273.8,0.05154639175257732
406,65467,25,11520,172,460.8,0.14534883720930233
407,65489,0,1749,29,inf,0.0
408,66099,0,4056,61,inf,0.0
409,66106,35,17821,252,509.1714285714286,0.1388888888888889
410,66110,0,172,5,inf,0.0
411,66112,5,6126,98,1225.2,0.05102040816326531
412,66413,0,367,6,inf,0.0
413,66736,1,1197,17,1197.0,0.058823529411764705
414,67080,9,15254,176,1694.888888888889,0.05113636363636364
415,67082,19,10259,174,539.9473684210526,0.10919540229885058
416,67089,6,7447,91,1241.1666666666667,0.06593406593406594
417,67090,0,6883,95,inf,0.0
418,67542,0,1233,20,inf,0.0
419,67544,0,210,9,inf,0.0
420,67546,4,5677,65,1419.25,0.06153846153846154
421,67548,19,9625,154,506.57894736842104,0.12337662337662338
422,67808,5,8553,119,1710.6,0.04201680672268908
423,67823,0,1688,24,inf,0.0
424,67920,4,1009,18,252.25,0.2222222222222222
425,68290,59,8280,97,140.33898305084745,0.6082474226804123
426,68645,2,6939,86,3469.5,0.023255813953488372
427,69001,0,225,3,inf,0.0
428,69006,2,463,8,231.5,0.25
429,69609,0,2898,42,inf,0.0
430,69660,1,4465,56,4465.0,0.017857142857142856
431,69751,13,20618,245,1586.0,0.053061224489795916
432,69819,1,566,21,566.0,0.047619047619047616
433,70245,0,2092,27,inf,0.0
434,70767,0,151,6,inf,0.0
435,70898,0,1709,26,inf,0.0
436,70934,43,12329,189,286.72093023255815,0.2275132275132275
437,70946,0,469,9,inf,0.0
438,71002,0,6,2,inf,0.0
439,71204,0,4337,53,inf,0.0
440,71206,0,1170,13,inf,0.0
441,71273,6,1810,34,301.6666666666667,0.17647058823529413
442,71394,10,3089,45,308.9,0.2222222222222222
443,71548,5,13604,169,2720.8,0.029585798816568046
444,71559,7,10551,128,1507.2857142857142,0.0546875
445,71570,0,6295,71,inf,0.0
446,71571,2,5922,106,2961.0,0.018867924528301886
447,71579,3,2761,54,920.3333333333334,0.05555555555555555
448,71601,0,1141,15,inf,0.0
449,71671,10,3767,65,376.7,0.15384615384615385
450,71801,0,607,8,inf,0.0
451,71835,0,1200,14,inf,0.0
452,71840,1,1288,27,1288.0,0.037037037037037035
453,71904,2,2621,36,1310.5,0.05555555555555555
454,71905,12,8701,127,725.0833333333334,0.09448818897637795
455,71918,3,4818,72,1606.0,0.041666666666666664
456,72047,128,20409,251,159.4453125,0.5099601593625498
457,72189,3,4948,63,1649.3333333333333,0.047619047619047616
458,72195,1,1431,27,1431.0,0.037037037037037035
459,72201,0,83,3,inf,0.0
460,72286,0,566,7,inf,0.0
461,72310,0,10448,132,inf,0.0
462,72315,0,3155,51,inf,0.0
463,72319,0,131,3,inf,0.0
464,72479,1,398,5,398.0,0.2
465,72522,16,3966,90,247.875,0.17777777777777778
466,72779,2,2633,47,1316.5,0.0425531914893617
467,72935,0,1,1,inf,0.0
468,73076,0,346,8,inf,0.0
469,73092,0,3573,50,inf,0.0
470,73180,4,4507,55,1126.75,0.07272727272727272
471,73185,52,14554,188,279.88461538461536,0.2765957446808511
472,73222,0,13,2,inf,0.0
473,73244,0,18,1,inf,0.0
474,73250,8,18790,227,2348.75,0.03524229074889868
475,73314,0,1488,31,inf,0.0
476,73319,1,4683,55,4683.0,0.01818181818181818
477,73636,11,5545,97,504.09090909090907,0.1134020618556701
478,73734,6,7128,90,1188.0,0.06666666666666667
479,73782,4,1352,21,338.0,0.19047619047619047
480,74228,0,2532,32,inf,0.0
481,74229,24,23091,270,962.125,0.08888888888888889
482,74230,36,12398,167,344.3888888888889,0.2155688622754491
483,74232,0,1155,15,inf,0.0
484,74294,0,3581,75,inf,0.0
485,74297,8,4371,59,546.375,0.13559322033898305
486,74314,0,1499,17,inf,0.0
487,74418,2,654,15,327.0,0.13333333333333333
488,74557,3,4188,52,1396.0,0.057692307692307696
489,74641,0,230,4,inf,0.0
490,74857,0,19982,217,inf,0.0
491,74869,4,6079,103,1519.75,0.038834951456310676
492,74954,7,3804,63,543.4285714285714,0.1111111111111111
493,74996,0,172,7,inf,0.0
494,75127,0,1526,21,inf,0.0
495,75238,0,1793,21,inf,0.0
496,75287,2,534,17,267.0,0.11764705882352941
497,75442,3,1236,29,412.0,0.10344827586206896
498,75446,4,3108,54,777.0,0.07407407407407407
499,75820,0,347,6,inf,0.0
500,76032,0,35,2,inf,0.0
501,76061,1,4411,70,4411.0,0.014285714285714285
502,76076,0,1440,16,inf,0.0
503,76163,18,7462,140,414.55555555555554,0.12857142857142856
504,76273,8,9832,144,1229.0,0.05555555555555555
505,76285,0,315,4,inf,0.0
506,76467,0,2794,31,inf,0.0
507,76699,0,1946,23,inf,0.0
508,76746,4,19729,230,4932.25,0.017391304347826087
509,77026,6,8168,93,1361.3333333333333,0.06451612903225806
510,77262,2,5429,67,2714.5,0.029850746268656716
511,77707,4,3931,59,982.75,0.06779661016949153
512,77737,2,3221,43,1610.5,0.046511627906976744
513,77826,3,2619,47,873.0,0.06382978723404255
514,77932,0,55,4,inf,0.0
515,79352,0,671,30,inf,0.0
516,79422,0,9360,104,inf,0.0
517,79470,0,293,5,inf,0.0
518,79642,1,1128,25,1128.0,0.04
519,79893,0,78,4,inf,0.0
520,80293,8,14660,169,1832.5,0.047337278106508875
521,80444,16,4483,76,280.1875,0.21052631578947367
522,81532,15,8411,107,560.7333333333333,0.14018691588785046
523,81743,0,1456,24,inf,0.0
524,81796,0,8,1,inf,0.0
525,81988,34,12447,187,366.0882352941176,0.18181818181818182
526,81998,0,894,19,inf,0.0
527,81999,44,10381,130,235.9318181818182,0.3384615384615385
528,82048,14,2792,53,199.42857142857142,0.2641509433962264
529,82503,3,5797,68,1932.3333333333333,0.04411764705882353
530,83368,0,767,11,inf,0.0
531,83895,1,2626,40,2626.0,0.025
532,84085,1,4288,52,4288.0,0.019230769230769232
533,85258,1,15030,187,15030.0,0.0053475935828877
534,85288,29,11481,214,395.8965517241379,0.13551401869158877
535,85289,0,4816,56,inf,0.0
536,85295,1,3688,35,3688.0,0.02857142857142857
537,85324,25,5005,83,200.2,0.30120481927710846
538,85357,0,58,4,inf,0.0
539,85370,6,12904,188,2150.6666666666665,0.031914893617021274
540,85372,0,1872,28,inf,0.0
541,85383,14,6498,131,464.14285714285717,0.10687022900763359
542,85500,1,234,10,234.0,0.1
543,86175,1,286,4,286.0,0.25
544,87469,3,10441,137,3480.3333333333335,0.021897810218978103
545,88103,29,5411,85,186.58620689655172,0.3411764705882353
546,88490,11,8853,144,804.8181818181819,0.0763888888888889
547,88590,7,6315,75,902.1428571428571,0.09333333333333334
548,89297,1,4071,58,4071.0,0.017241379310344827
549,89313,2,7354,91,3677.0,0.02197802197802198
550,89318,0,1165,15,inf,0.0
551,89473,3,3436,45,1145.3333333333333,0.06666666666666667
552,89618,0,3330,37,inf,0.0
553,89650,0,670,14,inf,0.0
554,89726,0,286,4,inf,0.0
555,89733,7,4332,62,618.8571428571429,0.11290322580645161
556,90024,2,788,25,394.0,0.08
557,90451,0,3458,53,inf,0.0
558,90660,0,526,14,inf,0.0
559,90681,2,3640,45,1820.0,0.044444444444444446
560,91763,8,7380,118,922.5,0.06779661016949153
561,91849,2,1701,26,850.5,0.07692307692307693
562,91885,0,630,7,inf,0.0
563,91931,0,270,3,inf,0.0
564,92813,0,287,5,inf,0.0
565,92947,2,15704,196,7852.0,0.01020408163265306
566,93142,0,2726,41,inf,0.0
567,93330,0,1807,21,inf,0.0
568,93759,0,1310,16,inf,0.0
569,93795,3,1064,38,354.6666666666667,0.07894736842105263
570,93935,7,12621,166,1803.0,0.04216867469879518
571,93936,41,12132,186,295.9024390243902,0.22043010752688172
572,94304,1,2004,26,2004.0,0.038461538461538464
573,94308,1,12256,136,12256.0,0.007352941176470588
574,94414,0,312,6,inf,0.0
575,94783,0,2203,26,inf,0.0
576,94807,0,917,11,inf,0.0
577,95438,5,1447,25,289.4,0.2
578,95480,1,1396,18,1396.0,0.05555555555555555
579,95483,1,1319,22,1319.0,0.045454545454545456
580,95641,6,10213,154,1702.1666666666667,0.03896103896103896
581,95732,17,5408,87,318.11764705882354,0.19540229885057472
582,95736,0,2520,28,inf,0.0
583,95810,0,5436,68,inf,0.0
584,95963,7,7231,94,1033.0,0.07446808510638298
585,96454,0,671,12,inf,0.0
586,96533,23,4513,63,196.2173913043478,0.36507936507936506
587,96540,0,248,5,inf,0.0
588,96718,7,16359,207,2337.0,0.033816425120772944
589,96828,19,3454,53,181.78947368421052,0.3584905660377358
590,98249,16,11358,166,709.875,0.0963855421686747
591,98322,12,7737,158,644.75,0.0759493670886076
592,98512,0,481,13,inf,0.0
593,98596,17,4828,130,284.0,0.13076923076923078
594,99349,0,27,1,inf,0.0
595,99352,3,6713,105,2237.6666666666665,0.02857142857142857
596,99353,36,12229,180,339.69444444444446,0.2
597,99355,1,3466,50,3466.0,0.02
598,99499,1,319,13,319.0,0.07692307692307693
599,99559,2,2325,45,1162.5,0.044444444444444446
600,99922,9,12099,148,1344.3333333333333,0.060810810810810814
601,99924,0,732,11,inf,0.0
602,100131,4,6751,103,1687.75,0.038834951456310676
603,100722,4,2209,35,552.25,0.11428571428571428
604,101118,0,4958,56,inf,0.0
605,101742,0,3875,44,inf,0.0
606,102146,0,5400,54,inf,0.0
607,102423,6,10443,113,1740.5,0.05309734513274336
608,102744,0,1093,15,inf,0.0
609,103890,1,2392,28,2392.0,0.03571428571428571
610,105521,2,334,8,167.0,0.25
611,105899,1,1754,24,1754.0,0.041666666666666664
612,106825,0,71,2,inf,0.0
613,106837,1,3733,46,3733.0,0.021739130434782608
614,107010,2,14891,172,7445.5,0.011627906976744186
615,108390,0,12690,135,inf,0.0
616,108830,0,2730,35,inf,0.0
617,110309,1,1684,32,1684.0,0.03125
618,110366,7,2384,43,340.57142857142856,0.16279069767441862
619,111082,0,1318,25,inf,0.0
620,111508,4,9471,122,2367.75,0.03278688524590164
621,111621,0,191,5,inf,0.0
622,111630,6,1371,20,228.5,0.3
623,111819,0,7110,79,inf,0.0
624,111873,0,360,4,inf,0.0
625,111961,4,3448,59,862.0,0.06779661016949153
626,112668,8,2328,35,291.0,0.22857142857142856
627,113045,1,13101,163,13101.0,0.006134969325153374
628,113133,5,7682,84,1536.4,0.05952380952380952
629,114060,8,3385,60,423.125,0.13333333333333333
630,114130,0,86,2,inf,0.0
631,114340,0,977,12,inf,0.0
632,115333,5,6373,68,1274.6,0.07352941176470588
633,115382,2,4925,61,2462.5,0.03278688524590164
634,115507,0,429,9,inf,0.0
635,118008,1,752,14,752.0,0.07142857142857142
636,118732,0,199,13,inf,0.0
637,118997,0,8457,94,inf,0.0
638,119228,8,1726,35,215.75,0.22857142857142856
639,119235,48,8304,164,173.0,0.2926829268292683
640,119622,1,1692,31,1692.0,0.03225806451612903
641,119905,9,20316,233,2257.3333333333335,0.03862660944206009
642,120095,10,11280,137,1128.0,0.072992700729927
643,120211,0,122,2,inf,0.0
644,120443,2,3280,51,1640.0,0.0392156862745098
645,120629,0,3240,36,inf,0.0
646,120705,0,5222,53,inf,0.0
647,121483,0,24402,267,inf,0.0
648,121990,0,1987,31,inf,0.0
649,122043,0,2652,58,inf,0.0
650,122155,70,13320,205,190.28571428571428,0.34146341463414637
651,124550,0,347,11,inf,0.0
652,124555,0,2823,32,inf,0.0
653,124560,1,550,15,550.0,0.06666666666666667
654,124891,0,97,3,inf,0.0
655,125165,2,1225,18,612.5,0.1111111111111111
656,125735,1,1244,24,1244.0,0.041666666666666664
657,125781,121,21706,280,179.38842975206612,0.43214285714285716
658,125783,0,534,10,inf,0.0
659,125931,2,9301,114,4650.5,0.017543859649122806
660,126252,0,3929,49,inf,0.0
661,126516,1,6404,80,6404.0,0.0125
662,126540,2,7187,91,3593.5,0.02197802197802198
663,126625,3,5441,78,1813.6666666666667,0.038461538461538464
664,126664,0,1877,29,inf,0.0
665,126716,45,9497,162,211.04444444444445,0.2777777777777778
666,126722,0,1087,14,inf,0.0
667,126731,0,90,1,inf,0.0
668,126737,53,10404,186,196.30188679245282,0.2849462365591398
669,126741,0,63,3,inf,0.0
670,126751,0,1534,22,inf,0.0
671,126875,0,460,7,inf,0.0
672,127032,0,1003,19,inf,0.0
673,127048,31,4694,75,151.41935483870967,0.41333333333333333
674,127108,3,9051,98,3017.0,0.030612244897959183
675,127142,2,1156,20,578.0,0.1
676,127187,0,1157,15,inf,0.0
677,127189,7,8866,135,1266.5714285714287,0.05185185185185185
678,127457,1,1118,25,1118.0,0.04
679,127554,1,9507,116,9507.0,0.008620689655172414
680,127837,16,8416,151,526.0,0.10596026490066225
681,127987,2,2155,41,1077.5,0.04878048780487805
682,128219,2,1006,21,503.0,0.09523809523809523
683,128220,8,2680,44,335.0,0.18181818181818182
684,128223,36,4933,75,137.02777777777777,0.48
685,128295,1,8908,109,8908.0,0.009174311926605505
686,128488,2,4726,58,2363.0,0.034482758620689655
687,128969,0,1170,13,inf,0.0
688,129386,8,9158,108,1144.75,0.07407407407407407
689,129444,8,12017,145,1502.125,0.05517241379310345
690,129473,13,6094,102,468.7692307692308,0.12745098039215685
691,129476,2,1284,27,642.0,0.07407407407407407
692,129679,1,1428,35,1428.0,0.02857142857142857
693,129693,1,1391,29,1391.0,0.034482758620689655
694,129753,8,6988,110,873.5,0.07272727272727272
695,130360,0,289,9,inf,0.0
696,130365,0,754,12,inf,0.0
697,130756,1,1739,22,1739.0,0.045454545454545456
698,131090,3,5521,67,1840.3333333333333,0.04477611940298507
699,131102,3,8516,107,2838.6666666666665,0.028037383177570093
700,131248,3,1420,24,473.3333333333333,0.125
701,131275,11,4700,94,427.27272727272725,0.11702127659574468
702,131505,38,11982,172,315.3157894736842,0.22093023255813954
703,131506,2,490,10,245.0,0.2
704,131667,2,2198,39,1099.0,0.05128205128205128
705,131694,0,376,12,inf,0.0
706,131708,1,4312,51,4312.0,0.0196078431372549
707,132921,2,2477,41,1238.5,0.04878048780487805
708,133089,1,753,14,753.0,0.07142857142857142
709,133794,16,8863,153,553.9375,0.10457516339869281
710,134098,0,569,7,inf,0.0
711,134936,13,3301,74,253.92307692307693,0.17567567567567569
712,135208,3,4442,51,1480.6666666666667,0.058823529411764705
713,135343,2,2221,25,1110.5,0.08
714,135492,0,950,10,inf,0.0
715,137174,2,5780,68,2890.0,0.029411764705882353
716,137616,2,5230,87,2615.0,0.022988505747126436
717,137648,1,1473,17,1473.0,0.058823529411764705
718,137704,12,5475,89,456.25,0.1348314606741573
719,138655,0,8,1,inf,0.0
720,138662,0,892,12,inf,0.0
721,138803,3,6277,116,2092.3333333333335,0.02586206896551724
722,138927,3,15770,192,5256.666666666667,0.015625
723,138935,4,8975,127,2243.75,0.031496062992125984
724,139336,1,9187,111,9187.0,0.009009009009009009
725,139396,2,1449,32,724.5,0.0625
726,139434,1,5654,76,5654.0,0.013157894736842105
727,139435,8,6282,73,785.25,0.1095890410958904
728,139449,0,129,3,inf,0.0
729,139895,5,13199,189,2639.8,0.026455026455026454
730,139915,3,822,23,274.0,0.13043478260869565
731,140082,0,267,6,inf,0.0
732,140436,8,3247,72,405.875,0.1111111111111111
733,140776,31,10478,160,338.0,0.19375
734,140808,0,90,1,inf,0.0
735,141834,17,6101,140,358.88235294117646,0.12142857142857143
736,141835,12,4048,65,337.3333333333333,0.18461538461538463
737,142021,14,14632,176,1045.142857142857,0.07954545454545454
738,142023,0,552,14,inf,0.0
739,142027,2,2914,73,1457.0,0.0273972602739726
740,142031,0,4661,58,inf,0.0
741,142033,0,180,2,inf,0.0
742,142419,3,9071,106,3023.6666666666665,0.02830188679245283
743,142920,0,318,14,inf,0.0
744,143029,1,3067,32,3067.0,0.03125
745,144128,0,3420,38,inf,0.0
746,145707,3,3534,41,1178.0,0.07317073170731707
747,145769,24,6537,130,272.375,0.18461538461538463
748,145866,0,24,2,inf,0.0
749,145918,1,286,6,286.0,0.16666666666666666
750,146227,0,4905,56,inf,0.0
751,146799,0,60,1,inf,0.0
752,146854,38,6189,91,162.8684210526316,0.4175824175824176
753,147078,0,1215,17,inf,0.0
754,148004,0,1927,23,inf,0.0
755,148355,0,3953,57,inf,0.0
756,148396,0,17,1,inf,0.0
757,148666,1,6194,75,6194.0,0.013333333333333334
758,148928,26,17483,228,672.4230769230769,0.11403508771929824
759,149231,12,6257,88,521.4166666666666,0.13636363636363635
760,149498,7,14117,162,2016.7142857142858,0.043209876543209874
761,149716,3,2389,34,796.3333333333334,0.08823529411764706
762,150948,6,11021,163,1836.8333333333333,0.03680981595092025
763,151470,0,3172,65,inf,0.0
764,153236,3,5308,75,1769.3333333333333,0.04
765,153238,21,7699,90,366.6190476190476,0.23333333333333334
766,153427,8,7003,139,875.375,0.05755395683453238
767,154059,46,9851,178,214.15217391304347,0.25842696629213485
768,155423,1,1438,17,1438.0,0.058823529411764705
769,156501,3,5741,82,1913.6666666666667,0.036585365853658534
770,156808,2,8243,102,4121.5,0.0196078431372549
771,156814,6,5146,90,857.6666666666666,0.06666666666666667
772,158057,1,514,14,514.0,0.07142857142857142
773,158071,0,29,1,inf,0.0
774,158704,0,791,23,inf,0.0
775,158791,3,8721,114,2907.0,0.02631578947368421
776,158795,7,5287,95,755.2857142857143,0.07368421052631578
777,158849,0,1725,25,inf,0.0
778,158863,12,22141,247,1845.0833333333333,0.048582995951417005
779,159142,0,2521,29,inf,0.0
780,160182,0,660,13,inf,0.0
781,160506,0,406,8,inf,0.0
782,161267,0,1201,27,inf,0.0
783,162027,0,360,4,inf,0.0
784,162038,35,6822,81,194.9142857142857,0.43209876543209874
785,162043,0,10,1,inf,0.0
786,162056,18,6177,105,343.1666666666667,0.17142857142857143
787,162063,0,74,2,inf,0.0
788,162074,3,1354,25,451.3333333333333,0.12
789,162079,2,2560,58,1280.0,0.034482758620689655
790,162652,0,850,28,inf,0.0
791,163086,3,5170,67,1723.3333333333333,0.04477611940298507
792,164055,0,5939,79,inf,0.0
793,164292,0,17,2,inf,0.0
794,164477,0,33,1,inf,0.0
795,164770,7,16760,198,2394.285714285714,0.03535353535353535
796,164816,0,11,2,inf,0.0
797,165007,14,13100,209,935.7142857142857,0.06698564593301436
798,165012,2,1961,31,980.5,0.06451612903225806
799,165467,0,5291,53,inf,0.0
800,165873,0,450,5,inf,0.0
801,166677,1,2714,28,2714.0,0.03571428571428571
802,166683,0,963,39,inf,0.0
803,167093,0,4244,51,inf,0.0
804,167228,0,2868,32,inf,0.0
805,167291,10,5158,63,515.8,0.15873015873015872
806,167721,28,6049,98,216.03571428571428,0.2857142857142857
807,167798,1,620,24,620.0,0.041666666666666664
808,167850,13,1964,28,151.07692307692307,0.4642857142857143
809,168959,2,11307,181,5653.5,0.011049723756906077
810,169497,0,4441,49,inf,0.0
811,170472,5,13277,173,2655.4,0.028901734104046242
812,170646,0,788,19,inf,0.0
813,170895,2,1557,31,778.5,0.06451612903225806
814,171068,0,1231,15,inf,0.0
815,171165,0,169,5,inf,0.0
816,171167,0,558,11,inf,0.0
817,171362,1,5492,76,5492.0,0.013157894736842105
818,172015,0,18508,208,inf,0.0
819,172127,0,41,3,inf,0.0
820,172142,2,643,20,321.5,0.1
821,172181,1,2118,28,2118.0,0.03571428571428571
822,173900,0,1256,28,inf,0.0
823,174344,7,9377,138,1339.5714285714287,0.050724637681159424
824,174694,0,133,5,inf,0.0
825,174706,2,1556,27,778.0,0.07407407407407407
826,174859,0,1234,19,inf,0.0
827,175323,4,8288,111,2072.0,0.036036036036036036
828,175446,3,11329,138,3776.3333333333335,0.021739130434782608
829,175449,21,14172,216,674.8571428571429,0.09722222222222222
830,175836,0,556,13,inf,0.0
831,175914,0,44,4,inf,0.0
832,175921,2,1032,21,516.0,0.09523809523809523
833,176067,3,675,24,225.0,0.125
834,176133,1,1567,35,1567.0,0.02857142857142857
835,176140,5,7047,79,1409.4,0.06329113924050633
836,176285,6,3976,64,662.6666666666666,0.09375
837,176553,5,9749,111,1949.8,0.04504504504504504
838,176591,0,2304,41,inf,0.0
839,176936,0,1350,15,inf,0.0
840,177046,1,15713,189,15713.0,0.005291005291005291
841,177065,23,6221,91,270.4782608695652,0.25274725274725274
842,177452,3,943,43,314.3333333333333,0.06976744186046512
843,177467,103,19543,253,189.7378640776699,0.40711462450592883
844,177847,15,6632,132,442.1333333333333,0.11363636363636363
845,177862,1,1503,24,1503.0,0.041666666666666664
846,178107,4,1290,30,322.5,0.13333333333333333
847,178187,3,2298,49,766.0,0.061224489795918366
848,178314,0,696,10,inf,0.0
849,178425,2,21768,261,10884.0,0.007662835249042145
850,179184,1,519,15,519.0,0.06666666666666667
851,181112,0,1443,25,inf,0.0
852,181477,4,1969,36,492.25,0.1111111111111111
853,181619,0,171,3,inf,0.0
854,182381,2,1569,33,784.5,0.06060606060606061
855,182579,1,2006,29,2006.0,0.034482758620689655
856,182581,1,936,17,936.0,0.058823529411764705
857,182712,2,5151,74,2575.5,0.02702702702702703
858,182877,0,495,9,inf,0.0
859,182904,7,12015,157,1716.4285714285713,0.044585987261146494
860,182963,0,1751,31,inf,0.0
861,183647,3,14293,163,4764.333333333333,0.018404907975460124
862,184672,12,5358,106,446.5,0.11320754716981132
863,184767,3,13184,162,4394.666666666667,0.018518518518518517
864,184779,0,4359,52,inf,0.0
865,185245,4,1410,26,352.5,0.15384615384615385
866,185570,1,387,10,387.0,0.1
867,185593,0,153,8,inf,0.0
868,186399,2,1135,31,567.5,0.06451612903225806
869,186862,3,8221,95,2740.3333333333335,0.031578947368421054
870,186891,0,971,15,inf,0.0
871,186997,2,386,12,193.0,0.16666666666666666
872,187530,0,93,2,inf,0.0
873,187896,0,218,5,inf,0.0
874,188157,0,2765,54,inf,0.0
875,188651,0,159,11,inf,0.0
876,188838,2,10267,126,5133.5,0.015873015873015872
877,188853,0,421,11,inf,0.0
878,188854,20,18116,258,905.8,0.07751937984496124
879,189441,25,7664,97,306.56,0.25773195876288657
880,189452,0,2347,34,inf,0.0
881,189453,4,5708,72,1427.0,0.05555555555555555
882,189458,4,4602,56,1150.5,0.07142857142857142
883,191217,0,2100,23,inf,0.0
884,192009,6,6915,127,1152.5,0.047244094488188976
885,192279,0,4716,53,inf,0.0
886,192735,0,6945,86,inf,0.0
887,192736,6,2304,62,384.0,0.0967741935483871
888,193098,6,10596,131,1766.0,0.04580152671755725
889,193153,0,26,2,inf,0.0
890,193515,7,3110,47,444.2857142857143,0.14893617021276595
891,193593,0,267,5,inf,0.0
892,193784,1,8266,102,8266.0,0.00980392156862745
893,193938,5,2451,41,490.2,0.12195121951219512
894,195171,12,8698,125,724.8333333333334,0.096
895,195332,0,33,1,inf,0.0
896,195488,0,720,8,inf,0.0
897,195605,3,1623,29,541.0,0.10344827586206896
898,196435,0,1224,19,inf,0.0
899,197122,1,5565,65,5565.0,0.015384615384615385
900,197126,10,2472,68,247.2,0.14705882352941177
901,197135,2,13470,172,6735.0,0.011627906976744186
902,197545,10,16986,223,1698.6,0.04484304932735426
903,197602,0,1079,15,inf,0.0
904,198006,0,1569,25,inf,0.0
905,198008,9,2164,27,240.44444444444446,0.3333333333333333
906,198529,0,136,2,inf,0.0
907,199299,0,194,6,inf,0.0
908,199321,0,10540,119,inf,0.0
909,199330,0,90,1,inf,0.0
910,199369,27,8642,157,320.0740740740741,0.17197452229299362
911,200558,2,4472,62,2236.0,0.03225806451612903
912,200612,0,3,1,inf,0.0
913,201861,0,347,17,inf,0.0
914,202984,6,12182,161,2030.3333333333333,0.037267080745341616
915,203043,11,11875,144,1079.5454545454545,0.0763888888888889
916,203378,2,1743,57,871.5,0.03508771929824561
917,203394,6,3907,58,651.1666666666666,0.10344827586206896
918,203496,18,8350,99,463.8888888888889,0.18181818181818182
919,203516,0,787,20,inf,0.0
920,203617,0,2380,32,inf,0.0
921,203778,0,3222,42,inf,0.0
922,204097,0,102,3,inf,0.0
923,204102,0,2201,26,inf,0.0
924,204103,0,378,11,inf,0.0
925,205503,0,1530,27,inf,0.0
926,205562,7,5761,104,823.0,0.0673076923076923
927,205569,2,3486,61,1743.0,0.03278688524590164
928,205938,3,2224,31,741.3333333333334,0.0967741935483871
929,206040,1,577,21,577.0,0.047619047619047616
930,206947,3,5683,91,1894.3333333333333,0.03296703296703297
931,207302,0,11436,128,inf,0.0
932,207834,1,12267,132,12267.0,0.007575757575757576
933,207917,3,2891,47,963.6666666666666,0.06382978723404255
934,207922,0,173,12,inf,0.0
935,207924,13,6961,113,535.4615384615385,0.11504424778761062
936,208116,0,300,4,inf,0.0
937,208715,2,1831,33,915.5,0.06060606060606061
938,208890,7,3892,77,556.0,0.09090909090909091
939,209513,0,180,2,inf,0.0
940,210143,4,1000,25,250.0,0.16
941,210153,0,1192,16,inf,0.0
942,211251,16,6813,123,425.8125,0.13008130081300814
943,211389,0,2987,37,inf,0.0
944,211395,0,480,13,inf,0.0
945,212391,46,10342,162,224.82608695652175,0.2839506172839506
946,212862,0,9360,98,inf,0.0
947,212867,0,909,14,inf,0.0
948,212899,0,141,6,inf,0.0
949,213260,15,9889,153,659.2666666666667,0.09803921568627451
950,213595,0,339,7,inf,0.0
951,213670,1,4768,58,4768.0,0.017241379310344827
952,213841,0,623,8,inf,0.0
953,214316,21,4959,92,236.14285714285714,0.22826086956521738
954,214775,7,5104,108,729.1428571428571,0.06481481481481481
955,216240,3,7448,82,2482.6666666666665,0.036585365853658534
956,216463,0,468,10,inf,0.0
957,216464,14,2986,57,213.28571428571428,0.24561403508771928
958,216569,2,1452,26,726.0,0.07692307692307693
959,216870,1,8403,106,8403.0,0.009433962264150943
960,217144,0,1699,29,inf,0.0
961,217149,0,123,2,inf,0.0
962,217728,10,3112,42,311.2,0.23809523809523808
963,217886,0,776,18,inf,0.0
964,218118,0,334,8,inf,0.0
965,221025,9,7154,109,794.8888888888889,0.08256880733944955
966,221150,1,15642,173,15642.0,0.005780346820809248
967,221309,12,8006,105,667.1666666666666,0.11428571428571428
968,221315,0,3449,46,inf,0.0
969,221316,22,13307,226,604.8636363636364,0.09734513274336283
970,221321,4,5088,58,1272.0,0.06896551724137931
971,221322,6,19364,232,3227.3333333333335,0.02586206896551724
972,221899,26,8504,128,327.0769230769231,0.203125
973,221986,0,1574,31,inf,0.0
974,222571,0,67,4,inf,0.0
975,223053,1,7287,105,7287.0,0.009523809523809525
976,223068,10,5889,83,588.9,0.12048192771084337
977,223073,0,114,3,inf,0.0
978,223560,4,1169,25,292.25,0.16
979,223725,37,9639,176,260.5135135135135,0.21022727272727273
980,223779,0,4,1,inf,0.0
981,223781,0,4,1,inf,0.0
982,223890,0,2539,34,inf,0.0
983,224884,0,109,2,inf,0.0
984,225015,1,3737,51,3737.0,0.0196078431372549
985,225020,7,1441,51,205.85714285714286,0.13725490196078433
986,225122,28,10070,145,359.64285714285717,0.19310344827586207
987,225452,0,594,19,inf,0.0
988,225462,1,3447,59,3447.0,0.01694915254237288
989,225593,12,4194,69,349.5,0.17391304347826086
990,226005,0,24,1,inf,0.0
991,226006,0,1023,12,inf,0.0
992,226012,0,14580,157,inf,0.0
993,226074,5,4298,74,859.6,0.06756756756756757
994,227081,5,2511,47,502.2,0.10638297872340426
995,227805,0,6795,76,inf,0.0
996,227961,31,7932,123,255.8709677419355,0.25203252032520324
997,228584,1,4301,54,4301.0,0.018518518518518517
998,228761,11,8196,123,745.0909090909091,0.08943089430894309
999,228917,2,8636,117,4318.0,0.017094017094017096
1000,229004,0,95,5,inf,0.0
1001,229604,0,16962,183,inf,0.0
1002,229804,11,13031,165,1184.6363636363637,0.06666666666666667
1003,230222,1,439,5,439.0,0.2
1004,230541,1,1118,26,1118.0,0.038461538461538464
1005,230784,16,10627,163,664.1875,0.09815950920245399
1006,230895,0,90,1,inf,0.0
1007,231572,2,5190,82,2595.0,0.024390243902439025
1008,232271,3,2099,35,699.6666666666666,0.08571428571428572
1009,234523,27,6343,99,234.92592592592592,0.2727272727272727
1010,234811,0,8533,89,inf,0.0
1011,235412,0,1486,19,inf,0.0
1012,235540,0,562,10,inf,0.0
1013,236202,0,761,20,inf,0.0
1014,236734,0,630,7,inf,0.0
1015,236956,0,1088,14,inf,0.0
1016,237499,0,1214,22,inf,0.0
1017,237617,1,856,26,856.0,0.038461538461538464
1018,238032,0,360,4,inf,0.0
1019,238407,5,1977,33,395.4,0.15151515151515152
1020,238486,0,708,14,inf,0.0
1021,238717,0,746,18,inf,0.0
1022,238865,0,434,11,inf,0.0
1023,238868,6,8843,139,1473.8333333333333,0.04316546762589928
1024,239962,0,616,11,inf,0.0
1025,240039,0,861,12,inf,0.0
1026,240360,0,1709,21,inf,0.0
1027,240692,0,1838,17,inf,0.0
1028,240900,0,1610,29,inf,0.0
1029,241391,1,1060,20,1060.0,0.05
1030,242295,0,562,11,inf,0.0
1031,242301,0,90,1,inf,0.0
1032,242497,5,8983,144,1796.6,0.034722222222222224
1033,242532,7,2573,65,367.57142857142856,0.1076923076923077
1034,242548,9,5014,80,557.1111111111111,0.1125
1035,242827,0,180,2,inf,0.0
1036,243541,16,4948,70,309.25,0.22857142857142856
1037,245014,23,9917,148,431.17391304347825,0.1554054054054054
1038,245048,0,484,6,inf,0.0
1039,245056,0,996,16,inf,0.0
1040,245893,0,831,11,inf,0.0
1041,246204,4,3493,51,873.25,0.0784313725490196
1042,246277,5,4621,100,924.2,0.05
1043,246291,8,11403,136,1425.375,0.058823529411764705
1044,246335,0,900,10,inf,0.0
1045,246877,0,1555,26,inf,0.0
1046,247189,0,705,10,inf,0.0
1047,247250,8,8243,105,1030.375,0.0761904761904762
1048,247652,7,2338,32,334.0,0.21875
1049,248213,0,43,1,inf,0.0
1050,248330,3,4223,59,1407.6666666666667,0.05084745762711865
1051,248738,0,8392,88,inf,0.0
1052,249303,0,210,9,inf,0.0
1053,249471,0,3,1,inf,0.0
1054,249513,3,6180,72,2060.0,0.041666666666666664
1055,249730,2,3625,43,1812.5,0.046511627906976744
1056,250845,4,14412,174,3603.0,0.022988505747126436
1057,251106,40,10851,163,271.275,0.24539877300613497
1058,251680,0,408,8,inf,0.0
1059,251846,0,90,1,inf,0.0
1060,251848,2,4536,87,2268.0,0.022988505747126436
1061,251876,3,8106,93,2702.0,0.03225806451612903
1062,251878,0,6943,81,inf,0.0
1063,251883,0,5,1,inf,0.0
1064,251888,0,1,1,inf,0.0
1065,251892,0,1350,15,inf,0.0
1066,251896,1,3257,49,3257.0,0.02040816326530612
1067,251897,9,2773,79,308.1111111111111,0.11392405063291139
1068,252641,12,5919,110,493.25,0.10909090909090909
1069,252667,0,4645,62,inf,0.0
1070,252677,63,19589,254,310.93650793650795,0.24803149606299213
1071,252688,0,30,1,inf,0.0
1072,253267,0,5,1,inf,0.0
1073,253765,0,893,10,inf,0.0
1074,253839,9,4623,77,513.6666666666666,0.11688311688311688
1075,253892,0,13,1,inf,0.0
1076,254037,0,4199,57,inf,0.0
1077,254290,0,214,12,inf,0.0
1078,254476,0,90,1,inf,0.0
1079,255284,1,5246,66,5246.0,0.015151515151515152
1080,255488,1,12628,141,12628.0,0.0070921985815602835
1081,255493,0,1,1,inf,0.0
1082,255501,3,8575,138,2858.3333333333335,0.021739130434782608
1083,255508,56,20241,272,361.44642857142856,0.20588235294117646
1084,255653,61,14294,238,234.327868852459,0.25630252100840334
1085,255901,5,3721,70,744.2,0.07142857142857142
1086,255995,0,39,4,inf,0.0
1087,256120,0,968,15,inf,0.0
1088,256267,8,1954,16,244.25,0.5
1089,256361,2,641,22,320.5,0.09090909090909091
1090,256429,20,7911,116,395.55,0.1724137931034483
1091,256567,0,1080,12,inf,0.0
1092,256680,8,4564,86,570.5,0.09302325581395349
1093,257062,11,5297,71,481.54545454545456,0.15492957746478872
1094,257376,5,7680,86,1536.0,0.05813953488372093
1095,257448,0,223,8,inf,0.0
1096,257462,3,930,36,310.0,0.08333333333333333
1097,257851,3,13601,172,4533.666666666667,0.01744186046511628
1098,258475,0,1040,16,inf,0.0
1099,259930,1,555,20,555.0,0.05
1100,260230,0,270,3,inf,0.0
1101,261502,0,73,3,inf,0.0
1102,261504,3,3494,63,1164.6666666666667,0.047619047619047616
1103,261927,1,2302,48,2302.0,0.020833333333333332
1104,262117,0,50,1,inf,0.0
1105,262365,16,6990,104,436.875,0.15384615384615385
1106,262391,0,299,4,inf,0.0
1107,262396,0,10552,112,inf,0.0
1108,262689,0,3008,44,inf,0.0
1109,262939,2,6509,81,3254.5,0.024691358024691357
1110,262980,1,4826,59,4826.0,0.01694915254237288
1111,263183,2,524,14,262.0,0.14285714285714285
1112,263361,0,536,7,inf,0.0
1113,263482,3,427,14,142.33333333333334,0.21428571428571427
1114,263627,1,4638,66,4638.0,0.015151515151515152
1115,263727,14,13587,188,970.5,0.07446808510638298
1116,263843,0,1399,37,inf,0.0
1117,263856,8,9086,137,1135.75,0.058394160583941604
1118,263860,4,6544,115,1636.0,0.034782608695652174
1119,264046,0,45,1,inf,0.0
1120,265078,0,101,7,inf,0.0
1121,266795,15,11160,164,744.0,0.09146341463414634
1122,266807,47,12799,237,272.3191489361702,0.19831223628691982
1123,267420,0,187,5,inf,0.0
1124,268670,2,4966,75,2483.0,0.02666666666666667
1125,268946,0,245,3,inf,0.0
1126,268949,0,54,1,inf,0.0
1127,268957,0,90,1,inf,0.0
1128,268958,1,333,9,333.0,0.1111111111111111
1129,271451,0,54,5,inf,0.0
1130,271988,0,329,10,inf,0.0
1131,272679,1,561,16,561.0,0.0625
1132,273000,0,534,9,inf,0.0
1133,273152,5,12669,156,2533.8,0.03205128205128205
1134,273236,0,180,2,inf,0.0
1135,273438,0,1362,19,inf,0.0
1136,273738,0,15,1,inf,0.0
1137,274347,1,391,11,391.0,0.09090909090909091
1138,274484,0,73,3,inf,0.0
1139,274771,0,30,3,inf,0.0
1140,274862,1,779,19,779.0,0.05263157894736842
1141,275028,0,230,4,inf,0.0
1142,276111,0,1688,23,inf,0.0
1143,277093,11,2014,50,183.0909090909091,0.22
1144,277118,0,1072,24,inf,0.0
1145,277137,0,4509,61,inf,0.0
1146,277384,0,6907,72,inf,0.0
1147,277533,6,3223,64,537.1666666666666,0.09375
1148,278296,4,5209,53,1302.25,0.07547169811320754
1149,278357,0,90,1,inf,0.0
1150,278359,47,8499,134,180.82978723404256,0.35074626865671643
1151,278651,0,158,3,inf,0.0
1152,278837,5,6866,100,1373.2,0.05
1153,278992,0,159,6,inf,0.0
1154,280701,4,3579,61,894.75,0.06557377049180328
1155,280730,2,6534,81,3267.0,0.024691358024691357
1156,280795,0,565,13,inf,0.0
1157,281404,5,2065,47,413.0,0.10638297872340426
1158,281755,4,3487,68,871.75,0.058823529411764705
1159,281769,8,10525,128,1315.625,0.0625
1160,281963,1,5323,67,5323.0,0.014925373134328358
1161,281989,4,4071,50,1017.75,0.08
1162,281990,0,90,1,inf,0.0
1163,282006,0,64,1,inf,0.0
1164,282371,4,1904,40,476.0,0.1
1165,282406,1,524,13,524.0,0.07692307692307693
1166,282411,15,11086,149,739.0666666666667,0.10067114093959731
1167,282421,0,53,1,inf,0.0
1168,282429,2,3631,45,1815.5,0.044444444444444446
1169,282434,0,29,1,inf,0.0
1170,282544,1,1140,23,1140.0,0.043478260869565216
1171,282671,0,318,8,inf,0.0
1172,282672,0,178,6,inf,0.0
1173,282694,2,1290,42,645.0,0.047619047619047616
1174,282700,0,615,16,inf,0.0
1175,282722,3,1315,17,438.3333333333333,0.17647058823529413
1176,282724,0,127,2,inf,0.0
1177,282810,1,714,10,714.0,0.1
1178,283223,1,1515,44,1515.0,0.022727272727272728
1179,283489,0,826,10,inf,0.0
1180,284342,0,6840,70,inf,0.0
1181,284430,0,1003,12,inf,0.0
1182,284454,0,19,1,inf,0.0
1183,284727,24,9361,123,390.0416666666667,0.1951219512195122
1184,284854,6,5728,96,954.6666666666666,0.0625
1185,284857,5,8877,106,1775.4,0.04716981132075472
1186,284884,14,6662,110,475.85714285714283,0.12727272727272726
1187,285322,1,3370,43,3370.0,0.023255813953488372
1188,285771,1,226,8,226.0,0.125
1189,285957,0,83,10,inf,0.0
1190,286384,0,3231,40,inf,0.0
1191,286415,0,8870,100,inf,0.0
1192,286779,0,4947,56,inf,0.0
1193,286849,0,1,1,inf,0.0
1194,287178,0,39,2,inf,0.0
1195,288230,21,6550,102,311.9047619047619,0.20588235294117646
1196,288318,12,8409,128,700.75,0.09375
1197,288371,0,45,1,inf,0.0
1198,288454,0,118,4,inf,0.0
1199,289236,6,1524,66,254.0,0.09090909090909091
1200,289241,0,19,3,inf,0.0
1201,289255,0,6223,87,inf,0.0
1202,289257,1,1151,30,1151.0,0.03333333333333333
1203,289272,0,723,18,inf,0.0
1204,289286,1,1385,29,1385.0,0.034482758620689655
1205,289287,0,37,3,inf,0.0
1206,289446,0,370,5,inf,0.0
1207,290249,6,14001,160,2333.5,0.0375
1208,290273,0,1451,19,inf,0.0
1209,291247,0,101,6,inf,0.0
1210,291417,4,6137,73,1534.25,0.0547945205479452
1211,294321,0,181,3,inf,0.0
1212,294568,0,316,9,inf,0.0
1213,294894,2,562,16,281.0,0.125
1214,295065,0,1480,31,inf,0.0
1215,295331,7,3851,58,550.1428571428571,0.1206896551724138
1216,295360,0,180,2,inf,0.0
1217,295414,0,3862,63,inf,0.0
1218,295622,1,1537,25,1537.0,0.04
1219,296227,0,360,4,inf,0.0
1220,296622,32,11443,194,357.59375,0.16494845360824742
1221,296783,4,2073,38,518.25,0.10526315789473684
1222,297194,0,2148,26,inf,0.0
1223,297784,0,3182,65,inf,0.0
1224,298197,0,951,12,inf,0.0
1225,298575,4,2694,63,673.5,0.06349206349206349
1226,298583,0,659,8,inf,0.0
1227,298589,6,11764,127,1960.6666666666667,0.047244094488188976
1228,298602,2,429,5,214.5,0.4
1229,298607,1,488,14,488.0,0.07142857142857142
1230,298613,0,630,7,inf,0.0
1231,298976,20,5936,103,296.8,0.1941747572815534
1232,298983,6,3051,84,508.5,0.07142857142857142
1233,299715,0,360,4,inf,0.0
1234,300168,5,9316,143,1863.2,0.03496503496503497
1235,302991,2,5486,80,2743.0,0.025
1236,303140,5,3848,49,769.6,0.10204081632653061
1237,303248,0,411,5,inf,0.0
1238,304250,0,110,8,inf,0.0
1239,305956,1,431,15,431.0,0.06666666666666667
1240,305957,0,4,1,inf,0.0
1241,307519,0,4297,61,inf,0.0
1242,307805,0,45,1,inf,0.0
1243,308371,0,1264,15,inf,0.0
1244,308801,5,2659,39,531.8,0.1282051282051282
1245,309007,0,140,2,inf,0.0
1246,309110,23,10970,152,476.95652173913044,0.1513157894736842
1247,311044,2,6431,69,3215.5,0.028985507246376812
1248,311277,0,242,3,inf,0.0
1249,311287,0,1187,20,inf,0.0
1250,311489,0,534,17,inf,0.0
1251,311680,0,3,1,inf,0.0
1252,313113,0,109,4,inf,0.0
1253,314678,1,438,15,438.0,0.06666666666666667
1254,315110,16,3143,52,196.4375,0.3076923076923077
1255,315289,1,857,15,857.0,0.06666666666666667
1256,316264,4,2796,39,699.0,0.10256410256410256
1257,316884,0,90,1,inf,0.0
1258,317482,0,354,10,inf,0.0
1259,318077,1,504,19,504.0,0.05263157894736842
1260,319131,0,201,3,inf,0.0
1261,319160,0,583,14,inf,0.0
1262,319541,0,498,6,inf,0.0
1263,319745,7,6492,110,927.4285714285714,0.06363636363636363
1264,319859,0,235,6,inf,0.0
1265,320259,0,52,2,inf,0.0
1266,320271,3,3571,62,1190.3333333333333,0.04838709677419355
1267,320466,0,3,2,inf,0.0
1268,321247,1,864,23,864.0,0.043478260869565216
1269,321629,0,84,3,inf,0.0
1270,322917,1,901,21,901.0,0.047619047619047616
1271,323169,0,12,1,inf,0.0
1272,323704,1,608,15,608.0,0.06666666666666667
1273,323740,0,3,1,inf,0.0
1274,323831,2,345,17,172.5,0.11764705882352941
1275,324321,0,57,8,inf,0.0
1276,324475,0,3,1,inf,0.0
1277,324946,0,28,2,inf,0.0
1278,326330,9,8117,98,901.8888888888889,0.09183673469387756
1279,326416,2,1778,23,889.0,0.08695652173913043
1280,327126,2,1475,30,737.5,0.06666666666666667
1281,328480,0,2006,29,inf,0.0
1282,328914,1,595,15,595.0,0.06666666666666667
1283,329145,6,8884,102,1480.6666666666667,0.058823529411764705
1284,329723,0,351,12,inf,0.0
1285,329812,1,665,17,665.0,0.058823529411764705
1286,330352,3,4660,67,1553.3333333333333,0.04477611940298507
1287,331496,0,851,14,inf,0.0
1288,331498,0,433,11,inf,0.0
1289,331505,2,2800,46,1400.0,0.043478260869565216
1290,331511,2,1013,33,506.5,0.06060606060606061
1291,331514,0,34,3,inf,0.0
1292,332612,7,1965,41,280.7142857142857,0.17073170731707318
1293,333347,0,4,1,inf,0.0
1294,334042,0,93,7,inf,0.0
1295,334222,14,4966,71,354.7142857142857,0.19718309859154928
1296,335216,0,49,3,inf,0.0
1297,335221,0,530,6,inf,0.0
1298,335225,2,2001,46,1000.5,0.043478260869565216
1299,335245,3,2114,35,704.6666666666666,0.08571428571428572
1300,335457,1,181,3,181.0,0.3333333333333333
1301,336168,0,424,6,inf,0.0
1302,336646,0,231,9,inf,0.0
1303,336731,0,961,22,inf,0.0
1304,336828,1,1214,38,1214.0,0.02631578947368421
1305,336869,3,7711,103,2570.3333333333335,0.02912621359223301
1306,337066,4,4248,70,1062.0,0.05714285714285714
1307,337922,4,2231,29,557.75,0.13793103448275862
1308,337946,1,1267,30,1267.0,0.03333333333333333
1309,338285,2,8874,100,4437.0,0.02
1310,338424,13,10772,125,828.6153846153846,0.104
1311,338425,15,7070,98,471.3333333333333,0.15306122448979592
1312,339699,1,363,9,363.0,0.1111111111111111
1313,339707,0,45,1,inf,0.0
1314,339808,2,5664,69,2832.0,0.028985507246376812
1315,339816,5,4020,62,804.0,0.08064516129032258
1316,339820,4,4837,78,1209.25,0.05128205128205128
1317,340205,2,147,6,73.5,0.3333333333333333
1318,340206,0,90,1,inf,0.0
1319,340339,0,370,7,inf,0.0
1320,340853,0,1912,25,inf,0.0
1321,340867,1,2286,29,2286.0,0.034482758620689655
1322,340870,0,83,2,inf,0.0
1323,341110,4,2316,33,579.0,0.12121212121212122
1324,341227,1,2435,35,2435.0,0.02857142857142857
1325,341230,0,90,1,inf,0.0
1326,341264,1,3566,34,3566.0,0.029411764705882353
1327,341272,1,4018,52,4018.0,0.019230769230769232
1328,341317,1,1421,31,1421.0,0.03225806451612903
1329,341713,0,5,1,inf,0.0
1330,342385,3,6876,81,2292.0,0.037037037037037035
1331,343273,0,207,8,inf,0.0
1332,344393,1,1809,23,1809.0,0.043478260869565216
1333,345654,0,820,20,inf,0.0
1334,346289,4,7566,98,1891.5,0.04081632653061224
1335,346766,0,825,12,inf,0.0
1336,348425,0,42,3,inf,0.0
1337,348795,11,3780,48,343.6363636363636,0.22916666666666666
1338,349066,33,6166,103,186.84848484848484,0.32038834951456313
1339,349599,1,5890,91,5890.0,0.01098901098901099
1340,349836,3,4695,70,1565.0,0.04285714285714286
1341,349856,1,3081,54,3081.0,0.018518518518518517
1342,349873,0,85,5,inf,0.0
1343,350219,3,3250,50,1083.3333333333333,0.06
1344,350364,0,1615,26,inf,0.0
1345,351478,63,17336,224,275.1746031746032,0.28125
1346,351746,2,1422,21,711.0,0.09523809523809523
1347,351809,2,9110,105,4555.0,0.01904761904761905
1348,351892,0,166,3,inf,0.0
1349,353032,2,2410,29,1205.0,0.06896551724137931
1350,353959,0,17,2,inf,0.0
1351,354361,2,2582,36,1291.0,0.05555555555555555
1352,354697,0,1083,18,inf,0.0
1353,354741,25,6610,132,264.4,0.1893939393939394
1354,355335,0,1185,15,inf,0.0
1355,355624,0,381,5,inf,0.0
1356,355627,0,720,2,inf,0.0
1357,355628,2,11025,145,5512.5,0.013793103448275862
1358,355861,10,1507,23,150.7,0.43478260869565216
1359,356197,12,10347,149,862.25,0.08053691275167785
1360,357162,0,986,22,inf,0.0
1361,357565,4,6901,97,1725.25,0.041237113402061855
1362,357884,1,5611,67,5611.0,0.014925373134328358
1363,357885,12,9072,129,756.0,0.09302325581395349
1364,358115,0,1685,22,inf,0.0
1365,358143,0,1993,26,inf,0.0
1366,358250,0,6963,89,inf,0.0
1367,359210,0,42,3,inf,0.0
1368,361104,2,3428,51,1714.0,0.0392156862745098
1369,361254,24,4990,74,207.91666666666666,0.32432432432432434
1370,362086,4,2644,34,661.0,0.11764705882352941
1371,362842,3,2625,48,875.0,0.0625
1372,363541,0,25,1,inf,0.0
1373,364237,2,2317,32,1158.5,0.0625
1374,364240,0,90,1,inf,0.0
1375,364603,2,1232,33,616.0,0.06060606060606061
1376,366930,0,769,29,inf,0.0
1377,367464,0,3137,35,inf,0.0
1378,367466,1,4327,52,4327.0,0.019230769230769232
1379,368582,0,20,2,inf,0.0
1380,369081,8,7392,128,924.0,0.0625
1381,370691,1,2782,36,2782.0,0.027777777777777776
1382,371003,0,7,2,inf,0.0
1383,371174,0,1678,55,inf,0.0
1384,371998,28,7416,117,264.85714285714283,0.23931623931623933
1385,372051,0,4,1,inf,0.0
1386,372246,31,14033,179,452.6774193548387,0.17318435754189945
1387,373683,0,39,1,inf,0.0
1388,373916,0,186,4,inf,0.0
1389,374077,2,2956,51,1478.0,0.0392156862745098
1390,374081,0,1027,15,inf,0.0
1391,374082,0,44,3,inf,0.0
1392,374139,7,4422,62,631.7142857142857,0.11290322580645161
1393,376211,0,1019,21,inf,0.0
1394,376514,2,8411,104,4205.5,0.019230769230769232
1395,376588,0,916,15,inf,0.0
1396,378139,2,4018,74,2009.0,0.02702702702702703
1397,378293,6,7613,101,1268.8333333333333,0.0594059405940594
1398,378463,1,1464,19,1464.0,0.05263157894736842
1399,378954,0,445,7,inf,0.0
1400,379548,0,90,1,inf,0.0
1401,380598,2,4918,60,2459.0,0.03333333333333333
1402,385084,0,155,4,inf,0.0
1403,387129,2,8346,109,4173.0,0.01834862385321101
1404,390688,1,1198,20,1198.0,0.05
1405,391332,0,1,1,inf,0.0
1406,391346,0,21,2,inf,0.0
1407,391719,2,513,8,256.5,0.25
1408,393436,0,78,1,inf,0.0
1409,394285,0,868,20,inf,0.0
1410,396107,0,180,2,inf,0.0
1411,396115,0,74,1,inf,0.0
1412,396324,0,154,2,inf,0.0
1413,396328,0,38,3,inf,0.0
1414,396333,0,401,9,inf,0.0
1415,396334,0,1,1,inf,0.0
1416,396340,0,3,1,inf,0.0
1417,396894,52,12867,164,247.44230769230768,0.3170731707317073
1418,397676,0,2880,32,inf,0.0
1419,397896,0,617,15,inf,0.0
1420,398073,2,757,9,378.5,0.2222222222222222
1421,398159,0,26,2,inf,0.0
1422,398163,0,291,10,inf,0.0
1423,398184,10,4995,89,499.5,0.11235955056179775
1424,398808,0,794,10,inf,0.0
1425,398809,0,507,11,inf,0.0
1426,398886,0,62,6,inf,0.0
1427,399273,0,3,2,inf,0.0
1428,399775,0,613,10,inf,0.0
1429,399776,9,9388,102,1043.111111111111,0.08823529411764706
1430,399779,0,86,4,inf,0.0
1431,399780,0,12,3,inf,0.0
1432,399887,0,422,8,inf,0.0
1433,401530,2,5546,63,2773.0,0.031746031746031744
1434,401624,1,1827,21,1827.0,0.047619047619047616
1435,401922,15,6631,118,442.06666666666666,0.1271186440677966
1436,402733,1,1224,18,1224.0,0.05555555555555555
1437,404688,2,1741,39,870.5,0.05128205128205128
1438,404839,0,544,7,inf,0.0
1439,405398,7,5380,94,768.5714285714286,0.07446808510638298
1440,405564,0,1,1,inf,0.0
1441,408471,4,2906,45,726.5,0.08888888888888889
1442,409106,1,1789,24,1789.0,0.041666666666666664
1443,411177,0,90,1,inf,0.0
1444,411975,5,8289,95,1657.8,0.05263157894736842
1445,412045,0,153,3,inf,0.0
1446,412363,10,3843,74,384.3,0.13513513513513514
1447,412669,3,684,28,228.0,0.10714285714285714
1448,413262,2,1549,43,774.5,0.046511627906976744
1449,413502,0,1,1,inf,0.0
1450,417575,1,3316,59,3316.0,0.01694915254237288
1451,422460,6,2775,62,462.5,0.0967741935483871
1452,423166,0,472,7,inf,0.0
1453,423440,2,5577,77,2788.5,0.025974025974025976
1454,423444,6,7840,127,1306.6666666666667,0.047244094488188976
1455,424784,13,4525,64,348.0769230769231,0.203125
1456,425028,0,21,1,inf,0.0
1457,429901,0,920,18,inf,0.0
1458,430488,0,7,1,inf,0.0
1459,430579,0,770,23,inf,0.0
1460,433049,45,10017,166,222.6,0.2710843373493976
1461,434990,0,167,1,inf,0.0
1462,439465,0,244,10,inf,0.0
1463,441287,2,719,19,359.5,0.10526315789473684
1464,442805,1,4936,62,4936.0,0.016129032258064516
1465,442816,0,1766,23,inf,0.0
1466,443222,4,1302,36,325.5,0.1111111111111111
1467,445631,0,8,1,inf,0.0
1468,447052,2,462,8,231.0,0.25
1469,447661,0,1782,38,inf,0.0
1470,448344,0,5090,106,inf,0.0
1471,448628,1,8348,90,8348.0,0.011111111111111112
1472,448844,0,6126,74,inf,0.0
1473,449796,2,3957,38,1978.5,0.05263157894736842
1474,453704,0,2295,23,inf,0.0
1475,454238,0,1646,23,inf,0.0
1476,455056,0,526,8,inf,0.0
1477,455181,8,4009,65,501.125,0.12307692307692308
1478,455349,2,1392,30,696.0,0.06666666666666667
1479,456938,1,178,9,178.0,0.1111111111111111
1480,459463,11,5118,79,465.27272727272725,0.13924050632911392
1481,461617,0,364,1,inf,0.0
1482,461618,0,45,1,inf,0.0
1483,461858,0,9,1,inf,0.0
1484,462250,21,4994,82,237.8095238095238,0.25609756097560976
1485,463332,0,12,2,inf,0.0
1486,465967,1,3984,63,3984.0,0.015873015873015872
1487,466298,0,1589,23,inf,0.0
1488,466794,1,2426,26,2426.0,0.038461538461538464
1489,466805,3,1325,27,441.6666666666667,0.1111111111111111
1490,466810,10,916,17,91.6,0.5882352941176471
1491,471474,2,1340,40,670.0,0.05
1492,476100,0,61,1,inf,0.0
1493,476344,4,6236,76,1559.0,0.05263157894736842
1494,476352,4,4696,84,1174.0,0.047619047619047616
1495,477238,0,22,1,inf,0.0
1496,480267,6,4289,54,714.8333333333334,0.1111111111111111
1497,480763,1,3336,41,3336.0,0.024390243902439025
1498,480883,1,1069,31,1069.0,0.03225806451612903
1499,480955,0,837,12,inf,0.0
1500,481084,6,2224,52,370.6666666666667,0.11538461538461539
1501,482179,0,45,1,inf,0.0
1502,483461,1,584,11,584.0,0.09090909090909091
1503,483573,1,9132,129,9132.0,0.007751937984496124
1504,487688,1,958,31,958.0,0.03225806451612903
1505,488626,0,188,3,inf,0.0
1506,491693,0,736,14,inf,0.0
1507,494880,1,2687,32,2687.0,0.03125
1508,495601,0,1268,18,inf,0.0
1509,495621,0,353,4,inf,0.0
1510,495625,0,2234,25,inf,0.0
1511,495629,2,5340,62,2670.0,0.03225806451612903
1512,497663,0,105,2,inf,0.0
1513,500191,0,254,3,inf,0.0
1514,501418,2,3805,51,1902.5,0.0392156862745098
1515,502676,0,2160,18,inf,0.0
1516,503991,2,3190,60,1595.0,0.03333333333333333
1517,505673,0,62,4,inf,0.0
1518,505674,1,463,3,463.0,0.3333333333333333
1519,506248,6,5290,70,881.6666666666666,0.08571428571428572
1520,510971,0,61,1,inf,0.0
1521,513031,1,1848,29,1848.0,0.034482758620689655
1522,514514,0,16,6,inf,0.0
1523,517753,0,2929,35,inf,0.0
1524,517842,0,4944,62,inf,0.0
1525,517894,6,1128,29,188.0,0.20689655172413793
1526,520947,1,643,14,643.0,0.07142857142857142
1527,523977,1,532,22,532.0,0.045454545454545456
1528,524000,2,2435,24,1217.5,0.08333333333333333
1529,524010,1,1342,36,1342.0,0.027777777777777776
1530,524925,0,619,16,inf,0.0
1531,525299,0,1023,9,inf,0.0
1532,525578,3,1514,31,504.6666666666667,0.0967741935483871
1533,527350,8,1869,61,233.625,0.13114754098360656
1534,527698,2,2360,42,1180.0,0.047619047619047616
1535,527838,0,399,17,inf,0.0
1536,531062,0,65,1,inf,0.0
1537,531829,1,850,23,850.0,0.043478260869565216
1538,533568,0,1072,14,inf,0.0
1539,536152,0,12,1,inf,0.0
1540,537382,6,3796,66,632.6666666666666,0.09090909090909091
1541,538810,0,64,1,inf,0.0
1542,541646,0,112,2,inf,0.0
1543,544106,0,2133,22,inf,0.0
1544,548111,3,338,7,112.66666666666667,0.42857142857142855
1545,548188,0,3,1,inf,0.0
1546,550549,0,62,3,inf,0.0
1547,552425,5,7455,99,1491.0,0.050505050505050504
1548,553875,0,2946,45,inf,0.0
1549,557149,4,3652,74,913.0,0.05405405405405406
1550,560483,3,1493,34,497.6666666666667,0.08823529411764706
1551,561613,0,107,2,inf,0.0
1552,562742,0,180,2,inf,0.0
1553,563812,0,192,9,inf,0.0
1554,563963,1,2726,31,2726.0,0.03225806451612903
1555,566036,1,19,1,19.0,1.0
1556,568157,10,2816,55,281.6,0.18181818181818182
1557,568158,0,793,19,inf,0.0
1558,568835,0,29,5,inf,0.0
1559,569375,0,177,10,inf,0.0
1560,569866,3,574,21,191.33333333333334,0.14285714285714285
1561,570421,1,1203,31,1203.0,0.03225806451612903
1562,571020,11,3619,68,329.0,0.16176470588235295
1563,573775,9,2915,58,323.8888888888889,0.15517241379310345
1564,580560,0,665,12,inf,0.0
1565,583508,0,62,1,inf,0.0
1566,583510,0,28,1,inf,0.0
1567,585700,0,6,1,inf,0.0
1568,590690,1,88,2,88.0,0.5
1569,591375,0,36,2,inf,0.0
1570,594926,0,242,9,inf,0.0
1571,596884,0,1,1,inf,0.0
1572,599263,0,12,3,inf,0.0
1573,600151,0,1,1,inf,0.0
1574,605184,0,235,4,inf,0.0
1575,607779,0,13,1,inf,0.0
1576,608531,1,394,9,394.0,0.1111111111111111
1577,609361,0,273,9,inf,0.0
1578,610083,0,4210,63,inf,0.0
1579,610336,1,176,8,176.0,0.125
1580,611198,0,11,2,inf,0.0
1581,611426,0,156,8,inf,0.0
1582,615636,0,215,5,inf,0.0
1583,616369,5,2724,68,544.8,0.07352941176470588
1584,617074,1,1440,28,1440.0,0.03571428571428571
1585,618809,1,3651,55,3651.0,0.01818181818181818
1586,623024,0,949,15,inf,0.0
1587,625014,0,360,4,inf,0.0
1588,625654,2,275,13,137.5,0.15384615384615385
1589,626913,5,1268,25,253.6,0.2
1590,627294,5,1549,44,309.8,0.11363636363636363
1591,628886,0,178,5,inf,0.0
1592,630995,2,1767,36,883.5,0.05555555555555555
1593,631221,0,281,8,inf,0.0
1594,631222,0,1282,18,inf,0.0
1595,632741,1,11,2,11.0,0.5
1596,634131,2,327,1,163.5,2.0
1597,634431,0,276,8,inf,0.0
1598,634461,2,1001,40,500.5,0.05
1599,636093,0,702,12,inf,0.0
1600,636688,0,574,5,inf,0.0
1601,638235,0,833,29,inf,0.0
1602,640428,2,1481,26,740.5,0.07692307692307693
1603,646740,2,2724,34,1362.0,0.058823529411764705
1604,646750,0,262,6,inf,0.0
1605,668183,1,307,14,307.0,0.07142857142857142
1606,676318,0,1203,33,inf,0.0
1607,678194,0,128,5,inf,0.0
1608,683840,7,3754,49,536.2857142857143,0.14285714285714285
1609,709187,2,1715,34,857.5,0.058823529411764705
1610,715650,0,21,1,inf,0.0
1611,724520,1,640,10,640.0,0.1
1612,769063,0,7,1,inf,0.0
1613,789328,0,116,4,inf,0.0
1614,841121,0,59,6,inf,0.0
1615,844637,0,501,11,inf,0.0
1616,882772,0,34,1,inf,0.0
