,domestic_competition_id,player_id,pretty_name,last_season,current_club_id
0,ES1,164477,Ezequiel Rescaldani,2014,1084
1,ES1,73076,Jose Maria Lopez Silva,2014,993
2,ES1,73244,Jose Carlos,2014,993
3,ES1,35462,Jordi Codina,2014,3709
4,ES1,35448,Cezary Wilk,2014,897
5,ES1,282637,Ivan Perez,2014,13
6,ES1,75238,Inigo Lopez,2014,993
7,ES1,34564,Xisco,2014,993
8,ES1,282000,Carlos Ramos,2014,13
9,ES1,279090,Samu Araujo,2014,940
10,ES1,76699,Adrian Gunino,2014,993
11,ES1,81743,Fausto Rossi,2014,993
12,ES1,276050,Jose Antonio Peral,2014,1531
13,ES1,85326,Yeray Gomez,2014,3302
14,ES1,85349,Jordi Cesar,2014,3368
15,ES1,29065,Abel Gomez,2014,993
16,ES1,263862,Moha Traore,2014,1531
17,ES1,92813,Victor Perez,2014,3368
18,ES1,111082,Javier Aquino,2014,367
19,ES1,23102,Riki,2014,16795
20,ES1,249246,Edu Paya,2014,3709
21,ES1,104916,Diego Seoane,2014,897
22,ES1,251883,Gaspar Panadero,2014,3302
23,ES1,252688,Carlos Selfa,2014,3302
24,ES1,72935,Raul Rodriguez,2014,714
25,ES1,99349,Julian Luque,2014,714
26,ES1,27453,Diego Colotto,2014,714
27,ES1,95483,Abraham Minero,2014,1533
28,ES1,95480,Luso,2014,993
29,ES1,49795,Dejan Lekic,2014,1533
30,ES1,93330,Deivid,2014,993
31,ES1,257813,Jon Irazusta,2014,1533
32,ES1,253878,Pedro Astray,2014,3709
33,ES1,285957,Alex Felip,2014,3709
34,ES1,287282,Nico Hidalgo,2014,16795
35,ES1,287315,Fran Morante,2014,16795
36,ES1,57866,Adrian Colunga,2014,16795
37,ES1,57818,Michel Madera,2014,3709
38,ES1,44514,Federico Piovaccari,2014,1533
39,ES1,44674,Giovani Dos Santos,2014,1050
40,ES1,57800,Roberto Fernandez,2014,16795
41,ES1,57791,Diego Castro,2014,3709
42,ES1,57944,Sergio Pelegrin,2014,1531
43,ES1,55866,Sebastian Dubarbier,2014,3302
44,ES1,45710,Sammir,2014,3709
45,ES1,53239,Jonathan Pereira,2014,367
46,ES1,52428,Joaquin Larrivey,2014,940
47,ES1,47648,Dani Estrada,2014,681
48,ES1,51547,Mane,2014,3302
49,ES1,51535,Domingo Cisma,2014,1531
50,ES1,55135,Cristian Alvarez,2014,367
51,ES1,22586,Toche,2014,897
52,ES1,57961,Edu Albacar,2014,1531
53,ES1,351540,Jose Fran,2014,993
54,ES1,71601,Txema Anibarro,2014,1533
55,ES1,288454,Rafa Galvez,2014,1531
56,ES1,37399,Manu Del Moral,2014,1533
57,ES1,309007,Fran Serrano,2014,993
58,ES1,323169,Sergio Garcia,2014,993
59,ES1,65239,Jorge Morcillo,2014,367
60,ES1,354312,Pablo Villalon,2014,3709
61,ES1,39004,Juan Carlos,2014,1050
62,ES1,329648,Tena,2014,368
63,ES1,63706,Mikel Saizar,2014,993
64,ES1,337527,Marcos Remeseiro,2014,897
65,ES1,337529,Iago Lopez,2014,897
66,ES1,339152,Sekou Keita,2014,13
67,ES1,58774,Jose Manuel Casado,2014,3302
68,ES1,65233,Teerasil Dangda,2014,3302
69,ES1,246932,Nacho Huertas,2014,13
70,ES1,94414,Hector Yuste,2014,16795
71,ES1,138662,Alvaro Arroyo,2014,3709
72,ES1,15715,Borja Oubina,2014,940
73,ES1,217149,Antonio Marin,2014,3302
74,ES1,212863,Jaime Sanchez,2014,418
75,ES1,129483,Derik Osede,2014,418
76,ES1,14535,Iago Bouzon,2014,993
77,ES1,14111,Emilio Peixe,2014,368
78,ES1,210142,Charlie Essome,2014,3302
79,ES1,208715,Fredy Hinestroza,2014,3709
80,ES1,246244,Sergio Aguza,2014,418
81,ES1,200612,Pol Freixanet,2014,1531
82,ES1,199348,Dani Iglesias,2014,897
83,ES1,7989,Fernando Soriano,2014,3302
84,ES1,141832,Jose Carlos Alvarez,2014,1531
85,ES1,7945,Corona,2014,3302
86,ES1,142019,Felipe Alfonso,2014,1050
87,ES1,142023,Guillermo Fernandez,2014,621
88,ES1,142326,Philtzgerald Mbaka,2014,3709
89,ES1,2923,Andreas Ivanschitz,2014,3368
90,ES1,162043,Iker Hernandez,2014,681
91,ES1,6119,Mohamed Sissoko,2014,3368
92,ES1,6585,Kalu Uche,2014,3368
93,ES1,160182,Jose Angel,2014,1531
94,ES1,167830,Alex Perez,2014,3709
95,ES1,15790,Ferran Corominas,2014,1531
96,ES1,174706,Jonathan Zongo,2014,3302
97,ES1,175573,Nacho Porcar,2014,1531
98,ES1,7607,Xavi,2014,131
99,ES1,187673,Jose Angel Jurado,2014,3302
100,ES1,147462,Alexander Callens,2014,681
101,ES1,189525,Roberto Chen,2014,1084
102,ES1,193073,Miguel Banuz,2014,1050
103,ES1,175448,Juan Delgado,2014,3368
104,ES1,15804,Andoni Iraola,2014,621
105,ES1,51489,Aritz Lopez Garai,2014,993
106,ES1,126875,Sergio Marcos,2014,1050
107,ES1,237617,Cristian Herrera,2014,1531
108,ES1,120582,Agustin Cousillas,2014,1084
109,ES1,119622,Javi Lara,2014,1533
110,ES1,230485,Modesto,2014,368
111,ES1,229815,Alejandro Sanz,2014,681
112,ES1,226005,Franco Fragapane,2014,1531
113,ES1,126722,Edu Campabadal,2014,993
114,ES1,16595,Juan Valera,2014,3709
115,ES1,16315,Rafa Lopez,2014,3709
116,ES1,240039,Dani Pinillos,2014,993
117,ES1,18091,Derek Boateng,2014,1533
118,ES1,118008,Patrick Ekeng,2014,993
119,ES1,242287,Javi Jimenez,2014,1050
120,ES1,242827,Samuel Martinez,2014,1531
121,ES1,126748,Israel Puerto,2014,1050
122,ES1,343273,Joni Montiel,2015,367
123,ES1,253153,Alvaro Traver,2015,3368
124,ES1,348553,Pablo Claveria,2015,367
125,ES1,51504,Jaime Jimenez,2015,1533
126,ES1,353096,Stephane Serbourdin,2015,472
127,ES1,185593,Nicolas Lopez,2015,16795
128,ES1,58281,Simao,2015,3368
129,ES1,58070,Diego Mainz,2015,16795
130,ES1,58001,Miku Fedor,2015,367
131,ES1,175914,Alex Barrera,2015,2448
132,ES1,101742,Angel Trujillo,2015,3368
133,ES1,250358,Iban Salvador,2015,1049
134,ES1,54859,Alvaro Pereira,2015,3709
135,ES1,158071,Sergio Mendigutxia,2015,2448
136,ES1,249466,Alex Campos,2015,367
137,ES1,165004,David Gomez,2015,897
138,ES1,51559,Mikel Arruabarrena,2015,1533
139,ES1,377021,Fran Diaz,2015,150
140,ES1,233072,Angel De La Calzada,2015,150
141,ES1,238865,Eddy Silvestre,2015,1533
142,ES1,57403,Foued Kadir,2015,150
143,ES1,356546,Borja Gonzalez,2015,13
144,ES1,162036,Diego Caballo,2015,1049
145,ES1,158997,Amro Tarek,2015,150
146,ES1,53293,Manu Fernandez,2015,897
147,ES1,109008,Flavio Ferreira,2015,1084
148,ES1,368635,Juancho,2015,367
149,ES1,158849,Jon Errasti,2015,1533
150,ES1,198015,Jefte Betancor,2015,472
151,ES1,337179,Jose Carrillo,2015,3709
152,ES1,282725,Dani Lorenzo,2015,472
153,ES1,262554,Clifford Aboagye,2015,16795
154,ES1,73314,Jordi Xumetra,2015,3368
155,ES1,211395,Mauricio Cuero,2015,3368
156,ES1,89618,Xabi Irureta,2015,1533
157,ES1,126731,Javi Noblejas,2015,3709
158,ES1,208116,Curro Sanchez,2015,368
159,ES1,74954,Saul Berjon,2015,1533
160,ES1,214467,Dennis Diaz,2015,2448
161,ES1,268383,Samuel Villa,2015,13
162,ES1,280795,Jonathan Rodriguez,2015,897
163,ES1,271451,Dani Romera,2015,131
164,ES1,278357,David Goldar,2015,940
165,ES1,221295,Borja Galan,2015,3709
166,ES1,223781,Nestor Diaz,2015,940
167,ES1,72201,Hugo Fraile,2015,2448
168,ES1,138655,Chengdong Zhang,2015,367
169,ES1,71904,Antonio Amaya,2015,367
170,ES1,333347,Ander Gayoso,2015,1533
171,ES1,85320,Cristian Galas,2015,714
172,ES1,64484,Manucho,2015,367
173,ES1,253892,Ian Gonzalez,2015,3709
174,ES1,326416,Dani Calvo,2015,3368
175,ES1,198529,Wilfried Zahibo,2015,1049
176,ES1,255493,Imanol Corral,2015,1533
177,ES1,162063,Salva Ruiz,2015,16795
178,ES1,255496,Asier Etxaburu,2015,1533
179,ES1,65243,Abraham Gonzalez,2015,714
180,ES1,320466,Tropi,2015,1049
181,ES1,319131,Miguel Munoz,2015,3709
182,ES1,311680,Fran Villalba,2015,1049
183,ES1,71273,Stefan Scepovic,2015,3709
184,ES1,139449,Leandro Damiao,2015,150
185,ES1,98827,Ousseynou Cisse,2015,367
186,ES1,248870,Jorge Mediavilla,2015,1533
187,ES1,215,Roque Santa Cruz,2015,1084
188,ES1,13038,Arthur Boka,2015,1084
189,ES1,35562,Angel Lafita,2015,3709
190,ES1,45775,Nauzet Aleman,2015,472
191,ES1,7631,Carlos Gurpegi,2015,621
192,ES1,37892,Ion Ansotegi,2015,1533
193,ES1,30584,Juan Manuel Vargas,2015,150
194,ES1,7983,Cani,2015,897
195,ES1,30666,Haris Medunjanin,2015,897
196,ES1,30846,Emmanuel Culio,2015,472
197,ES1,425571,Carlos Gonzalez,2015,472
198,ES1,17491,Roberto Lago,2015,3709
199,ES1,420330,Jeremy Betancor,2015,472
200,ES1,26443,Jonas Gutierrez,2015,897
201,ES1,13872,Ze Castro,2015,367
202,ES1,44027,Ikechukwu Uche,2015,1084
203,ES1,7923,Roberto Trashorras,2015,367
204,ES1,7881,Alberto Lopo,2015,897
205,ES1,42935,Nikolaos Karabelas,2015,3368
206,ES1,27448,Marcos Angeleri,2015,1084
207,ES1,37906,David Cobeno,2015,367
208,ES1,15983,Juan Rodriguez,2015,3709
209,ES1,7492,Manuel Pablo,2015,897
210,ES1,7501,Juan Carlos Valeron,2015,472
211,ES1,14259,Antolin Alcaraz,2015,472
212,ES1,14937,Stipe Pletikosa,2015,897
213,ES1,23218,Javier Garrido,2015,472
214,ES1,6838,Henok Goitom,2015,3709
215,ES1,7542,Juanfran,2015,3368
216,ES1,15500,Angel Lopez,2015,472
217,ES1,46220,Pablo Hernandez,2015,367
218,ES1,7568,David Navarro,2015,3368
219,ES1,35536,Tono,2015,367
220,ES1,35540,Victor Casadesus,2015,3368
221,ES1,37579,Alexandre Pato,2016,1050
222,ES1,311435,Ferni,2016,13
223,ES1,129753,Victor Rodriguez,2016,2448
224,ES1,210153,Alberto Martin,2016,1244
225,ES1,223735,Iu Ranera,2016,1244
226,ES1,66110,Jon Gaztanaga,2016,681
227,ES1,254903,Quique Cebria,2016,1533
228,ES1,96540,Alfredo Ortuno,2016,472
229,ES1,217145,Bicho,2016,897
230,ES1,319541,Jose Carlos Ramirez,2016,150
231,ES1,455339,Aitor Lorea,2016,331
232,ES1,278992,Cristian Espinoza,2016,1108
233,ES1,322917,Dani Ndi,2016,2448
234,ES1,254036,Bernabe Barragan,2016,13
235,ES1,127457,Alex Lopez,2016,940
236,ES1,65301,Xavi Torres,2016,2448
237,ES1,330655,Jon Ander Amelibia,2016,1533
238,ES1,212852,Markel Etxeberria,2016,621
239,ES1,81998,Jaime Romero,2016,331
240,ES1,224774,Cristian Salvador,2016,2448
241,ES1,35600,Miguel Flano,2016,331
242,ES1,287178,Ruben Sanchez,2016,2448
243,ES1,72189,Alex Bergantinos,2016,897
244,ES1,35560,Mikel Gonzalez,2016,681
245,ES1,35548,Fernando Amorebieta,2016,2448
246,ES1,72315,Javi Marquez,2016,16795
247,ES1,71840,Gaizka Toquero,2016,1108
248,ES1,20346,David Barral,2016,16795
249,ES1,72779,Alvaro Cejudo,2016,150
250,ES1,243760,Alex Munoz,2016,368
251,ES1,22550,Weligton,2016,1084
252,ES1,99924,Tano Bonnin,2016,331
253,ES1,249274,Sergio Llamas,2016,1108
254,ES1,25461,Javier Flano,2016,331
255,ES1,72484,Manu Barreiro,2016,1108
256,ES1,279110,Thaylor,2016,1533
257,ES1,476100,Diego Barrios,2016,1244
258,ES1,19979,German Lux,2016,897
259,ES1,126252,Juan Rafael Fuentes,2016,331
260,ES1,476101,Sergio Segura,2016,1244
261,ES1,298607,Miguel Olavide,2016,331
262,ES1,298602,Jhon Mondragon,2016,331
263,ES1,226812,Gorka Santamaria,2016,621
264,ES1,70767,Roman Zozulya,2016,150
265,ES1,71671,Oriol Riera,2016,331
266,ES1,229812,Alain Oyarzun,2016,681
267,ES1,71206,Nauzet Perez,2016,331
268,ES1,71394,Carlos Carmona,2016,2448
269,ES1,238717,Pablo Perez,2016,2448
270,ES1,119878,Toni Dovale,2016,1244
271,ES1,281990,Nacho Monsalve,2016,897
272,ES1,288352,Alvaro Molina,2016,1244
273,ES1,230222,Alvaro Lemos,2016,940
274,ES1,294568,Omer Atzili,2016,16795
275,ES1,441622,Roger Escoruela,2016,1533
276,ES1,134098,Raoul Loe,2016,331
277,ES1,274765,Hector Figueroa,2016,472
278,ES1,57816,Alberto Lora,2016,2448
279,ES1,255497,Jon Ander Felipe,2016,1533
280,ES1,133089,Felipe Gutierrez,2016,150
281,ES1,57785,Roberto Canella,2016,2448
282,ES1,57693,Mario Fernandez,2016,331
283,ES1,355624,Luis Munoz,2016,1084
284,ES1,45256,Jean Sylvain Babin,2016,2448
285,ES1,255499,Urtzi Iriondo,2016,621
286,ES1,93759,Matthieu Saunier,2016,16795
287,ES1,176285,Isaac Cuenca,2016,16795
288,ES1,56066,Enzo Perez,2016,1049
289,ES1,483453,Josue Dorrio,2016,1533
290,ES1,368582,Pablo Fernandez,2016,2448
291,ES1,54774,Miguel De Las Cuevas,2016,331
292,ES1,268958,Juan Munoz,2016,368
293,ES1,373353,Pablo Larrea,2016,1050
294,ES1,374081,Aitor Bunuel,2016,331
295,ES1,54231,Isma Lopez,2016,2448
296,ES1,258374,Vinicius Araujo,2016,1049
297,ES1,399273,Inigo Barrenetxea,2016,1533
298,ES1,52345,Didier Digard,2016,331
299,ES1,86175,Hiroshi Kiyotake,2016,368
300,ES1,159644,Sergio Garcia,2016,1533
301,ES1,165008,Pablo Iniguez,2016,1050
302,ES1,162039,Juan Camara,2016,131
303,ES1,2963,Martin Demichelis,2016,1084
304,ES1,390823,Eric Curbelo,2016,472
305,ES1,164816,Javi Alamo,2016,331
306,ES1,189735,Christian Bravo,2016,16795
307,ES1,44373,Guilherme Siqueira,2016,1049
308,ES1,7717,Jose Antonio Reyes,2016,714
309,ES1,192585,Pedro Martin,2016,940
310,ES1,40442,Paco Montanes,2016,714
311,ES1,207913,Juanfran,2016,1533
312,ES1,8538,Tiago Mendes,2016,13
313,ES1,204097,Juanan Entrena,2016,16795
314,ES1,61344,Borja Viguera,2016,2448
315,ES1,202981,Jose Artiles,2016,472
316,ES1,60445,Jonathan Dos Santos,2016,1050
317,ES1,200558,Petros,2016,150
318,ES1,57876,Laure,2016,897
319,ES1,277093,Carlos Castro,2016,2448
320,ES1,480248,Rafa Munoz,2016,13
321,ES1,59349,Diego Marino,2016,2448
322,ES1,59343,Manu Herrera,2016,150
323,ES1,42373,Diego Alves,2016,1049
324,ES1,274771,Asdrubal Padron,2016,472
325,ES1,7782,Duda,2016,1084
326,ES1,44227,Ivan Kelava,2016,16795
327,ES1,83895,Marcelo Diaz,2016,940
328,ES1,411928,Zaka,2016,13
329,ES1,275028,Juan Rodriguez,2016,2448
330,ES1,199323,Ramon Bueno,2016,1050
331,ES1,282434,Jean Carlos Silva,2016,16795
332,ES1,58474,Nikola Vujadinovic,2016,331
333,ES1,43264,Benoit Tremoulinas,2016,368
334,ES1,348549,Alex Garcia,2016,13
335,ES1,199324,Alvaro Bustos,2016,2448
336,ES1,510990,Julen Azkue,2017,1533
337,ES1,25441,Zdravko Kuzmanovic,2017,1084
338,ES1,505493,Diego Pampin,2017,940
339,ES1,521234,Maximiliano Villa,2017,12321
340,ES1,27924,Antonio Rukavina,2017,1050
341,ES1,251046,Einar Galilea,2017,1108
342,ES1,89650,Johannes Geis,2017,368
343,ES1,28261,Jose Manuel Jurado,2017,714
344,ES1,26199,Verza,2017,3368
345,ES1,91763,Pablo Hernandez,2017,940
346,ES1,510971,Victor Lopez,2017,1108
347,ES1,511023,Dani Gallardo,2017,1244
348,ES1,28171,Chory Castro,2017,1084
349,ES1,254476,Aldo One,2017,897
350,ES1,510325,Blas Alonso,2017,897
351,ES1,27487,Francisco Molinero,2017,3709
352,ES1,503032,Edu Frias,2017,714
353,ES1,221986,Hector Hernandez,2017,1108
354,ES1,25319,Momo,2017,472
355,ES1,139915,Aleksandar Katai,2017,1108
356,ES1,199325,Ander Cantero,2017,1050
357,ES1,195332,Salem Al Dawsari,2017,1050
358,ES1,193153,Fahad Al Muwallad,2017,3368
359,ES1,7781,Alexis Ruano,2017,1108
360,ES1,7767,Fernando Torres,2017,13
361,ES1,150788,Yahia Al Shehri,2017,1244
362,ES1,153236,Vicente Gomez,2017,472
363,ES1,153238,Jonathan Viera,2017,472
364,ES1,176133,Hernan Santana,2017,472
365,ES1,176067,Borja Valle,2017,897
366,ES1,175836,Miguel Cifuentes,2017,1084
367,ES1,7600,Andres Iniesta,2017,131
368,ES1,7593,Fernando Navarro,2017,897
369,ES1,158057,Ager Aketxe,2017,621
370,ES1,171170,Dani Sotres,2017,940
371,ES1,171167,Jairo Samperio,2017,472
372,ES1,167228,Raul Lizoain,2017,472
373,ES1,5957,Alberto Aquilani,2017,472
374,ES1,199341,Oscar Gil,2017,621
375,ES1,585700,Juan Cruz,2017,1084
376,ES1,583508,David Alba,2017,3709
377,ES1,569979,Marcel Lizak,2017,12321
378,ES1,25316,Ruben Castro,2017,150
379,ES1,105899,Guido Pizarro,2017,368
380,ES1,22969,Gabi,2017,13
381,ES1,242548,Fede Cartabia,2017,897
382,ES1,242295,Alex Mula,2017,1084
383,ES1,531062,Fabio Gonzalez,2017,472
384,ES1,19981,Javier Mascherano,2017,131
385,ES1,19958,Nereo Champagne,2017,1244
386,ES1,18006,Michael Krohn Dehli,2017,897
387,ES1,521329,Carlos Redruello,2017,150
388,ES1,125281,Nicolas Gorosito,2017,3709
389,ES1,541646,Diego Barri,2017,3709
390,ES1,126741,Jairo Morillas,2017,714
391,ES1,553874,Youssouf Yalike,2017,3368
392,ES1,223068,Tana,2017,472
393,ES1,28285,Dani Pacheco,2017,3709
394,ES1,127987,Carles Gil,2017,897
395,ES1,217886,Oscar Romero,2017,1108
396,ES1,15693,Xabi Prieto,2017,681
397,ES1,137174,Alejandro Arribas,2017,897
398,ES1,17129,Sulley Muntari,2017,897
399,ES1,89313,Eneko Boveda,2017,897
400,ES1,391346,Julio Gracia,2017,150
401,ES1,324475,Carlos Calderon,2017,3709
402,ES1,339814,Juan Moreno,2017,13
403,ES1,62611,Sergio Mora,2017,3709
404,ES1,442767,Inigo Munoz,2017,621
405,ES1,63689,Fran Rico,2017,1533
406,ES1,63723,David Lomban,2017,1533
407,ES1,454187,Ioritz Landeta,2017,1108
408,ES1,455056,Imanol Garcia,2017,1050
409,ES1,39151,Augusto Fernandez,2017,13
410,ES1,38270,Sergio Sanchez,2017,714
411,ES1,455348,Victor San Bartolome,2017,621
412,ES1,457107,Angel Lopez,2017,1533
413,ES1,340206,Andoni Lopez,2017,621
414,ES1,324946,Emanuel Cecchini,2017,1084
415,ES1,65489,Javi Castellano,2017,472
416,ES1,311277,Borja Herrera,2017,472
417,ES1,37501,Imanol Agirretxe,2017,681
418,ES1,307805,Alberto Lopez,2017,1084
419,ES1,305957,Dani Molina,2017,940
420,ES1,304250,David Concha,2017,681
421,ES1,303248,Pedro Lopez,2017,150
422,ES1,295360,Francis Uzoho,2017,897
423,ES1,291247,Dejan Drazic,2017,940
424,ES1,291039,Quique Fornos,2017,897
425,ES1,289287,Imanol Sarriegi,2017,1533
426,ES1,263482,Michael Olunga,2017,12321
427,ES1,461623,Alberto Rodenas,2017,13
428,ES1,341228,Juan Aguero,2017,13
429,ES1,44012,David Garcia,2017,472
430,ES1,386196,Ian Soler,2017,1084
431,ES1,393436,Aly Abeid,2017,3368
432,ES1,51532,Kike Sola,2017,621
433,ES1,49347,Mitchell Langerak,2017,3368
434,ES1,396337,Miguel San Roman,2017,13
435,ES1,397896,Hernan Toledo,2017,472
436,ES1,398159,Jaime Sierra,2017,1244
437,ES1,54217,Raul Fernandez,2017,3368
438,ES1,399779,Chuca,2017,1050
439,ES1,401825,Benito Del Valle,2017,472
440,ES1,357540,Gustavo Quezada,2017,3709
441,ES1,341230,Alex Robles,2017,1084
442,ES1,55240,Mauro Dos Santos,2017,1244
443,ES1,45305,Miguel Torres,2017,1084
444,ES1,57229,Paulinho,2017,131
445,ES1,44735,Aythami Artiles,2017,472
446,ES1,44675,Bojan Krkic,2017,1108
447,ES1,411177,Alberto Redondo,2017,3709
448,ES1,355397,Victor Pastrana,2017,940
449,ES1,44073,Adrian Gonzalez,2017,1084
450,ES1,58074,Carlos Martinez,2017,681
451,ES1,58112,Omar Ramos,2017,1244
452,ES1,354359,Julen Lopez,2017,1533
453,ES1,413502,Oscar Pinchi,2017,897
454,ES1,404632,Pedro Martinez,2017,1050
455,ES1,71801,Dani Gimenez,2017,150
456,ES1,65237,Andreu Fontas,2017,940
457,ES1,76285,Tono,2017,681
458,ES1,73222,Eloi Amagat,2017,12321
459,ES1,77932,Jefferson Montero,2017,3709
460,ES1,85372,Enric Saborit,2017,621
461,ES1,482179,Alex Mozo,2017,1244
462,ES1,278651,Gerard Valentin,2017,897
463,ES1,30929,Gabriel Penalba,2017,472
464,ES1,77737,Alfred Ndiaye,2017,1050
465,ES1,282672,Benito Ramirez,2017,472
466,ES1,464896,Jose Carlos Sanchez,2017,1084
467,ES1,281979,Sergi Gonzalez,2017,13
468,ES1,73319,Alberto De La Bella,2017,681
469,ES1,50487,Christian Santos,2017,1108
470,ES1,282431,Gabri Salazar,2017,1244
471,ES1,74232,Matias Aguirregaray,2017,472
472,ES1,272679,Jose Naranjo,2017,1244
473,ES1,483461,Erik Exposito,2017,472
474,ES1,35539,Mehdi Lacen,2017,1084
475,ES1,282428,Luismi Quezada,2017,418
476,ES1,495602,Moha Ramos,2017,418
477,ES1,267420,Walter Montoya,2017,368
478,ES1,282006,Arona Sane,2017,13
479,ES1,77262,Michel Macedo,2017,472
480,ES1,284454,Ivan Rodriguez,2017,1084
481,ES1,477238,Sergio Arribas,2017,1244
482,ES1,35773,Carlos Vela,2017,681
483,ES1,285771,Roger Martinez,2017,1050
484,ES1,342218,Yhoan Andzouana,2018,12321
485,ES1,189458,Emiliano Velazquez,2018,367
486,ES1,254290,Raphael Dwamena,2018,3368
487,ES1,193938,Diego Rolan,2018,1244
488,ES1,603621,Luis Meseguer,2018,367
489,ES1,607779,Sergio Moreno,2018,367
490,ES1,255284,Alex Granell,2018,12321
491,ES1,355335,Adrian Dieguez,2018,5358
492,ES1,411294,Juan Ibiza,2018,1050
493,ES1,634105,Alberto Mari,2018,1533
494,ES1,629020,Manuel Navarro,2018,367
495,ES1,478426,Genis Montolio,2018,3368
496,ES1,286849,Jordi Calavera,2018,1533
497,ES1,181619,Robert Mazan,2018,940
498,ES1,391045,Javito,2018,5358
499,ES1,639142,Nacho Uche,2018,5358
500,ES1,396327,Mikel Carro,2018,13
501,ES1,385084,Fran Manzanara,2018,3368
502,ES1,261503,Alvaro Fidalgo,2018,418
503,ES1,261498,Diego Altamirano,2018,150
504,ES1,268258,Rafa Paez,2018,1108
505,ES1,260230,Moi Delgado,2018,366
506,ES1,380365,Cristian Glauder,2018,1108
507,ES1,273000,Junior Alonso,2018,940
508,ES1,638588,Martin Pascual,2018,367
509,ES1,378947,Marc Vito,2018,12321
510,ES1,376486,Marc Gual,2018,368
511,ES1,398886,Merveil Ndockyt,2018,3709
512,ES1,268949,Borja Lasso,2018,368
513,ES1,501126,Javi Aparicio,2018,366
514,ES1,256680,Juanpi Anor,2018,5358
515,ES1,255904,Kaiser,2018,1533
516,ES1,356196,Iago Indias,2018,714
517,ES1,181112,Sergi Samper,2018,131
518,ES1,379530,Carlos Doncel,2018,714
519,ES1,355629,David Mayoral,2018,366
520,ES1,571079,Facundo Garcia,2018,1244
521,ES1,281773,Jose Leon,2018,367
522,ES1,223720,Jose Aurelio Suarez,2018,12321
523,ES1,561614,Javier Almerge,2018,5358
524,ES1,313113,Alex Lopez,2018,714
525,ES1,521455,Julio Alonso,2018,150
526,ES1,548618,Adrian Tellado,2018,150
527,ES1,282689,Seung Ho Paik,2018,12321
528,ES1,305956,Nano Mesa,2018,1533
529,ES1,521462,Jose Manuel Irizo,2018,150
530,ES1,524937,Alex Dominguez,2018,1108
531,ES1,461843,Juan Berrocal,2018,368
532,ES1,457782,Owusu,2018,1244
533,ES1,293383,Eric Montes,2018,12321
534,ES1,243715,Sebas Coris,2018,12321
535,ES1,538810,Chris Ramos,2018,366
536,ES1,458466,Franchu,2018,418
537,ES1,230895,Alberto Guitian,2018,366
538,ES1,534379,Pejino,2018,368
539,ES1,533110,Alex Pachon,2018,12321
540,ES1,461618,Andres Solano,2018,13
541,ES1,288453,Antonio Dominguez,2018,366
542,ES1,531305,Pablo Munoz,2018,366
543,ES1,288371,Markel Areitio,2018,1533
544,ES1,229798,Ander Bardaji,2018,5358
545,ES1,199330,Antonio Cotan,2018,366
546,ES1,461866,Javi Vazquez,2018,368
547,ES1,218118,Lucas Silva,2018,418
548,ES1,469737,Lucho Garcia,2018,368
549,ES1,339707,Cristo Gonzalez,2018,418
550,ES1,338286,Hodei Oleaga,2018,621
551,ES1,337977,Nando Garcia,2018,1108
552,ES1,337946,Jairo Izquierdo,2018,12321
553,ES1,337781,Arturo Molina,2018,3368
554,ES1,427683,Josua Mejias,2018,1244
555,ES1,336731,Nacho Gil,2018,1049
556,ES1,207924,Jozabed Sanchez,2018,940
557,ES1,336646,Akram Afif,2018,1050
558,ES1,563335,Zourdine Thior,2018,681
559,ES1,566667,Jaime Garijo,2018,150
560,ES1,335216,Inigo Vicente,2018,621
561,ES1,208890,Samu Garcia,2018,3368
562,ES1,253839,Alvaro Medran,2018,367
563,ES1,210143,Alex Gallar,2018,5358
564,ES1,442802,Cristian Rodriguez,2018,13
565,ES1,282371,Ivi Lopez,2018,366
566,ES1,282406,Alvaro Jimenez,2018,3709
567,ES1,566036,Borja Garces,2018,13
568,ES1,282435,David Tejero,2018,1244
569,ES1,463332,Emmanuel Apeh,2018,940
570,ES1,336168,Shaq Moore,2018,3368
571,ES1,263627,Carlos Vigaray,2018,1108
572,ES1,255495,Unai Elgezabal,2018,1533
573,ES1,60289,Rajko Brezancic,2018,5358
574,ES1,71835,Jon Ander Serantes,2018,1244
575,ES1,111621,Dani Ojeda,2018,1244
576,ES1,47647,Gorka Elustondo,2018,367
577,ES1,37917,Nabil El Zhar,2018,1244
578,ES1,66099,Carles Planas,2018,12321
579,ES1,75127,Ezequiel Munoz,2018,1244
580,ES1,75287,Seydou Doumbia,2018,12321
581,ES1,8108,Lluis Sastre,2018,5358
582,ES1,51663,Pedro Alcala,2018,12321
583,ES1,66112,Keko Gontan,2018,366
584,ES1,75820,Juan Aguilera,2018,5358
585,ES1,54245,Markel Susaeta,2018,621
586,ES1,45319,Gabriel Mercado,2018,368
587,ES1,35541,Roberto Santamaria,2018,5358
588,ES1,7922,Sergio Garcia,2018,714
589,ES1,67823,Damian Musto,2018,5358
590,ES1,7874,Gorka Iraizoz,2018,12321
591,ES1,128488,Alejandro Galvez,2018,367
592,ES1,51046,Hector Moreno,2018,681
593,ES1,141835,Alvaro Vazquez,2018,714
594,ES1,70898,Chechu Dorado,2018,367
595,ES1,124560,Samuele Longo,2018,5358
596,ES1,142033,Adrian Ortola,2018,131
597,ES1,46215,Javi Guerra,2018,367
598,ES1,26148,Juanjo Camacho,2018,5358
599,ES1,103890,Luis Advincula,2018,367
600,ES1,30677,Gustavo Cabral,2018,940
601,ES1,21725,Filipe Luis,2018,13
602,ES1,15904,Thomas Vermaelen,2018,131
603,ES1,40428,Manuel Iturra,2018,1050
604,ES1,23338,Asier Riesgo,2018,1533
605,ES1,129515,Chuli,2018,3709
606,ES1,58497,Alberto Garcia,2018,367
607,ES1,7512,Borja Fernandez,2018,366
608,ES1,129693,Gaku Shibasaki,2018,3709
609,ES1,5856,Daniele Bonera,2018,1050
610,ES1,58341,Javi Varas,2018,5358
611,ES1,128295,Tito,2018,367
612,ES1,73180,Martin Mantovani,2018,5358
613,ES1,58576,Miguel Layun,2018,1050
614,ES1,41281,Nicolas Pareja,2018,368
615,ES1,56134,Javi Fuego,2018,1050
616,ES1,17396,Mathieu Flamini,2018,3709
617,ES1,16635,Juanfran Torres,2018,13
618,ES1,74228,Marc Muniesa,2018,12321
619,ES1,73636,Hernan Perez,2018,714
620,ES1,132921,Aday Benitez,2018,12321
621,ES1,461858,Jose Alonso Lara,2019,368
622,ES1,615636,Abdallahi Mahmoud,2019,1108
623,ES1,30749,Mariano Barbosa,2019,1050
624,ES1,217728,Alexander Szymanowski,2019,1244
625,ES1,276111,David Costas,2019,940
626,ES1,127837,Ibai Gomez,2019,621
627,ES1,622992,Pablo Gozalbez,2019,1049
628,ES1,466298,Santiago Caseres,2019,1050
629,ES1,282724,Adrian Guerrero,2019,1049
630,ES1,125931,Tono Garcia,2019,3368
631,ES1,35939,Ezequiel Garay,2019,1049
632,ES1,630990,Ismael Gutierrez,2019,1108
633,ES1,630989,Ricardo Visus,2019,150
634,ES1,222571,Ramiro Guerra,2019,1050
635,ES1,449844,Mohamed Ezzarfani,2019,714
636,ES1,282421,Javi Munoz,2019,1108
637,ES1,73782,Adrian Ramos,2019,16795
638,ES1,76273,Manu Garcia,2019,1108
639,ES1,445631,Joan Monterde,2019,3368
640,ES1,75446,Pablo De Blasis,2019,1533
641,ES1,37712,Daniel Carrico,2019,368
642,ES1,76032,Aridai Cabrera,2019,237
643,ES1,458586,Endika Irigoyen,2019,331
644,ES1,76163,Franco Vazquez,2019,368
645,ES1,631223,Antonio Aranda,2019,16795
646,ES1,442816,Fran Gamez,2019,237
647,ES1,282409,Marcos Lavin,2019,3709
648,ES1,497225,Pablo Lombo,2019,1244
649,ES1,29124,Aritz Aduriz,2019,621
650,ES1,8184,Ruben Martinez,2019,331
651,ES1,11111,Ramiro Funes Mori,2019,1050
652,ES1,569866,Roberto Lopez,2019,681
653,ES1,261502,Paulino De La Fuente,2019,1108
654,ES1,259930,Gabriel Fernandez,2019,940
655,ES1,523968,Mario Del Campo,2019,1244
656,ES1,12249,Ever Banega,2019,368
657,ES1,251860,Javi Jimenez,2019,1049
658,ES1,15799,Santi Cazorla,2019,1050
659,ES1,251877,Carlos Marin,2019,150
660,ES1,578878,Angel Baena,2019,150
661,ES1,251880,Antonio Montoro,2019,16795
662,ES1,251888,Mario Rodriguez,2019,16795
663,ES1,251892,Juan Soriano,2019,1244
664,ES1,527964,Miguel Angel Leal,2019,1050
665,ES1,531413,Alejandro Melendez,2019,150
666,ES1,93795,Facundo Ferreyra,2019,714
667,ES1,551182,Fran Vieites,2019,940
668,ES1,549069,Diego Altube,2019,418
669,ES1,548635,Inaki Alvarez,2019,331
670,ES1,256120,Wilfrid Kaptoum,2019,150
671,ES1,536152,Gonzalo Pereira,2019,3368
672,ES1,93142,Dani Torres,2019,1108
673,ES1,614195,Dani Plomer,2019,1244
674,ES1,26065,Miguel Angel Moya,2019,681
675,ES1,246277,Burgui,2019,1108
676,ES1,490884,Ludovit Reis,2019,131
677,ES1,268946,Jose Antonio Caro,2019,366
678,ES1,610408,Andre Grandi,2019,1244
679,ES1,238032,Andres Prieto,2019,714
680,ES1,85500,Juan Villar,2019,331
681,ES1,238486,Filip Bradaric,2019,940
682,ES1,27493,Ivan Cuellar,2019,1244
683,ES1,602156,Guillem Molina,2019,1049
684,ES1,600151,Florent Poulolo,2019,3709
685,ES1,599263,Vicente Esquerdo,2019,1049
686,ES1,582717,David Ramos,2019,150
687,ES1,118732,Pablo Chavarria,2019,237
688,ES1,242301,Miquel Parera,2019,237
689,ES1,593480,Aymane Mourid,2019,1244
690,ES1,591375,Stiven Plaza,2019,366
691,ES1,114060,Enric Gallego,2019,331
692,ES1,590690,Victor Garcia,2019,366
693,ES1,243541,Deyverson,2019,3709
694,ES1,26066,Ivan Ramis,2019,1533
695,ES1,262391,Lluis Lopez,2019,714
696,ES1,520757,Jose Hualde,2019,331
697,ES1,582718,Aritz Castro,2019,1108
698,ES1,503851,Roman Tugarinov,2019,714
699,ES1,40888,Benat Etxebarria,2019,621
700,ES1,633169,Nil Garrido,2019,150
701,ES1,434602,Aritz Arambarri,2019,681
702,ES1,321629,El Hacen,2019,366
703,ES1,178187,Alex Alegria,2019,237
704,ES1,374055,Dragan Rosic,2019,940
705,ES1,374077,Christian Rivera,2019,1244
706,ES1,374082,Antonio Otegui,2019,331
707,ES1,52469,Mikel San Jose,2019,621
708,ES1,311440,Gorka Zabarte,2019,331
709,ES1,186891,Alex Martinez,2019,16795
710,ES1,728695,Ekhi Bravo,2019,1533
711,ES1,373683,Diego Alende,2019,366
712,ES1,188157,Sebastian Cristoforo,2019,1533
713,ES1,727136,Ivan Lopez,2019,1244
714,ES1,387321,Felipe Chacartegui,2019,368
715,ES1,439465,Gaizka Larrazabal,2019,621
716,ES1,51426,Markel Bergara,2019,3709
717,ES1,192736,Sabin Merino,2019,1244
718,ES1,394285,Victor Campuzano,2019,714
719,ES1,142419,Raul Navas,2019,331
720,ES1,396109,Genaro Rodriguez,2019,368
721,ES1,396115,Eliseo Falcon,2019,3368
722,ES1,379714,Roberto Corral,2019,366
723,ES1,396145,Pepe Mena,2019,368
724,ES1,784429,Jorge Jimenez,2019,150
725,ES1,372051,Sergio Bermejo,2019,940
726,ES1,164055,David Junca,2019,940
727,ES1,59375,David Zurutuza,2019,681
728,ES1,340870,Jacobo Gonzalez,2019,940
729,ES1,61546,Facundo Roncaglia,2019,331
730,ES1,62144,Antonito,2019,366
731,ES1,62913,Lillo Castellano,2019,331
732,ES1,341277,Sergio Lozano,2019,1050
733,ES1,161267,Josep Sene,2019,237
734,ES1,335245,Marc Navarro,2019,1244
735,ES1,789328,Manu Garrido,2019,1244
736,ES1,349873,Juan Hernandez,2019,940
737,ES1,351746,Rafa Navarro,2019,1108
738,ES1,351892,Matheus Fernandes,2019,366
739,ES1,333323,Filip Manojlovic,2019,3709
740,ES1,162079,Fede Vico,2019,16795
741,ES1,156814,Javi Eraso,2019,1244
742,ES1,156808,Unai Bustinza,2019,1244
743,ES1,364603,Jose Manuel Arnaiz,2019,1244
744,ES1,370691,Francis Guerrero,2019,150
745,ES1,154059,Charles,2019,1533
746,ES1,63290,Victor Sanchez,2019,714
747,ES1,49500,Roberto Rosales,2019,1244
748,ES1,388545,Ricard Sanchez,2019,13
749,ES1,396340,Oscar Clemente,2019,13
750,ES1,71559,Xabi Etxeita,2019,3709
751,ES1,203617,Rodri Tarin,2019,1244
752,ES1,203778,Ivan Lopez,2019,3368
753,ES1,71570,Iago Herrerin,2019,621
754,ES1,288376,Unai Etxebarria,2019,16795
755,ES1,71571,Ander Iturraspe,2019,714
756,ES1,44412,Bruno Soriano,2019,1050
757,ES1,412042,Adri Lopez,2019,714
758,ES1,646747,Rafael Obrador,2019,237
759,ES1,131708,Kenneth Omeruo,2019,1244
760,ES1,131667,Ramon Azeez,2019,16795
761,ES1,72310,Javi Lopez,2019,714
762,ES1,72319,Marc Pedraza,2019,237
763,ES1,284890,Jose Luis Trapaga,2019,150
764,ES1,412542,Ricard Pujol,2019,714
765,ES1,636092,Iago Dominguez,2019,940
766,ES1,284727,Jonathan Calleri,2019,714
767,ES1,44065,Esteban Granero,2019,714
768,ES1,545647,Sergio Carreira,2019,940
769,ES1,425544,Ivan Amores,2019,1244
770,ES1,632741,Iker Losada,2019,940
771,ES1,408288,Jesus Ruiz,2019,237
772,ES1,289286,Luca Sangalli,2019,681
773,ES1,95736,Leandro Chichizola,2019,3709
774,ES1,46110,Ljubomir Fejsa,2019,1108
775,ES1,45912,Sergio Alvarez,2019,940
776,ES1,70946,Xisco Campos,2019,237
777,ES1,294894,Leo Suarez,2019,1050
778,ES1,295082,Jon Sillero,2019,621
779,ES1,398738,Miguel Mari,2019,1533
780,ES1,45383,Adrian Lopez,2019,331
781,ES1,396341,Alex Dos Santos,2019,13
782,ES1,337922,Esteban Burgos,2020,1533
783,ES1,531825,Sergio Benito,2020,366
784,ES1,531829,Dani Escriche,2020,5358
785,ES1,71918,David Ferreiro,2020,5358
786,ES1,480955,Miguel Atienza,2020,1533
787,ES1,81988,Sergi Enrich,2020,1533
788,ES1,293388,Oriol Rey,2020,366
789,ES1,491541,Juan Penaloza,2020,5358
790,ES1,67546,Jorge Pulido,2020,5358
791,ES1,51474,Mikel Rico,2020,5358
792,ES1,383153,Kelechi Nwakali,2020,5358
793,ES1,60890,Fabian Orellana,2020,366
794,ES1,71548,Anaitz Arbilla,2020,1533
795,ES1,57522,Andres Fernandez,2020,5358
796,ES1,523972,Sergio Lopez,2020,366
797,ES1,51667,Kiko Olivas,2020,366
798,ES1,37403,Roberto,2020,366
799,ES1,404688,Waldo Rubio,2020,366
800,ES1,311696,Kuki Zalazar,2020,366
801,ES1,290273,Alvaro Tejero,2020,1533
802,ES1,290275,Antonio Valera,2020,5358
803,ES1,25412,Pedro Lopez,2020,5358
804,ES1,396334,Joaquin Munoz,2020,5358
805,ES1,461836,Manuel Galan,2020,5358
806,ES1,71204,Javi Moyano,2020,366
807,ES1,79352,Quique Gonzalez,2020,1533
808,ES1,39907,Pape Diop,2020,1533
809,ES1,311287,Jose Antonio Martinez,2020,1533
810,ES1,44069,Pedro Mosquera,2020,5358
811,ES1,363541,Samuel Perez,2020,366
812,ES1,51587,Pedro Leon,2020,1533
813,ES1,56777,Luisinho,2020,5358
814,ES1,58115,Yoel Rodriguez,2020,1533
815,ES1,65331,Michel Herrero,2020,366
816,ES1,98249,Takashi Inui,2020,1533
817,ES1,207922,Luismi,2020,366
818,ES1,171362,Pablo Insua,2020,5358
819,ES1,142027,Pablo Hervias,2020,366
820,ES1,581701,Ignasi Vilarrasa,2020,366
821,ES1,583510,Miguel Rubio,2020,366
822,ES1,197126,Kenan Kodro,2020,366
823,ES1,853290,Gustavo Abizanda,2020,5358
824,ES1,188838,Bruno Gonzalez,2020,366
825,ES1,710479,Jesus Palomeque,2020,366
826,ES1,606848,Jonmi Magunagoitia,2020,1533
827,ES1,824754,Javi Gasca,2020,5358
828,ES1,809716,Lucas Freitas,2020,366
829,ES1,783434,Unai Arieta,2020,1533
830,ES1,223890,Rober Correa,2020,1533
831,ES1,230541,Yoshinori Muto,2020,1533
832,ES1,150948,Recio,2020,1533
833,ES1,718190,Jorge Cofrades,2020,5358
834,ES1,718201,Carlos Kevin,2020,5358
835,ES1,867426,Unai Ayala,2020,1533
836,ES1,127554,Nacho Martinez,2020,366
837,ES1,242299,Roberto Olabe,2020,1533
838,ES1,199299,Damian Kadzior,2020,1533
839,ES1,684253,Sergio Cubero,2020,1533
840,ES1,138935,Sergio Alvarez,2020,1533
841,ES1,139434,Raul Carnero,2020,366
842,ES1,684299,Enaut Mendi,2020,1533
843,ES1,201861,Juan Carlos Real,2020,5358
844,ES1,189452,Gaston Silva,2020,5358
845,ES1,678194,Matthew Hoppe,2021,237
846,ES1,405564,Giorgi Kochorashvili,2021,3368
847,ES1,713649,Miguel Angel Brau,2021,16795
848,ES1,388555,Lucas De Vega,2021,131
849,ES1,388548,Jandro Orellana,2021,131
850,ES1,676042,Juanlu Sanchez,2021,368
851,ES1,674501,Jonathan Gomez,2021,681
852,ES1,713644,Bryan Zaragoza,2021,16795
853,ES1,715628,Damian Rodriguez,2021,940
854,ES1,388542,Arnau Comas,2021,131
855,ES1,388512,Marc Baro,2021,150
856,ES1,718029,Unai Ropero,2021,1108
857,ES1,718177,Joseda Alvarez,2021,3368
858,ES1,387129,Rober Pier,2021,3368
859,ES1,668277,Alan Godoy,2021,1108
860,ES1,668273,Ibra Camara,2021,13
861,ES1,715650,Mamor Niang,2021,3709
862,ES1,707274,Cesar Tarrega,2021,1049
863,ES1,399780,Dario Poveda,2021,3709
864,ES1,705815,Gori,2021,714
865,ES1,707279,Hugo Gonzalez,2021,1049
866,ES1,705808,Max Svensson,2021,714
867,ES1,699771,Pedro Aleman,2021,1049
868,ES1,696890,Cristo Romero,2021,681
869,ES1,705810,Lluis Recasens,2021,714
870,ES1,397676,Dani Cardenas,2021,3368
871,ES1,708500,Totti,2021,3709
872,ES1,395694,Yassin Fekir,2021,150
873,ES1,709969,Ilias Akhomach,2021,131
874,ES1,707271,Charlie Perez,2021,1049
875,ES1,705813,Ruben Sanchez,2021,714
876,ES1,710679,Iker Benito,2021,331
877,ES1,711628,Pablo Perez,2021,368
878,ES1,711638,Fran Delgado,2021,150
879,ES1,396107,Javi Diaz,2021,368
880,ES1,399775,Miguel Llambrich,2021,714
881,ES1,710004,Peter Gonzalez,2021,418
882,ES1,713632,Angel Jimenez,2021,16795
883,ES1,379548,Jokin Ezkieta,2021,621
884,ES1,732096,Santi Garcia,2021,3709
885,ES1,856156,Carlos Benitez,2021,3368
886,ES1,58330,Victor Diaz,2021,16795
887,ES1,857939,Chinchu,2021,3709
888,ES1,882772,Alvaro Bastida,2021,2687
889,ES1,889717,Pablo Montero,2021,3709
890,ES1,891091,Diego Lopez,2021,3709
891,ES1,892221,Hugo Sotelo,2021,940
892,ES1,892929,Hugo Alvarez,2021,940
893,ES1,349856,Sontm,2021,3368
894,ES1,913539,Estanis Pedrola,2021,131
895,ES1,58799,Salva Sevilla,2021,237
896,ES1,344457,Lazar Carevic,2021,131
897,ES1,926850,Diego Pineiro,2021,418
898,ES1,930415,Antonio Gomis,2021,13
899,ES1,935456,Sergio Diez,2021,13
900,ES1,341266,Dario Ramos,2021,331
901,ES1,341263,Adrian De La Fuente,2021,1050
902,ES1,939445,Alex Primo,2021,3368
903,ES1,941867,Mario Dominguez,2021,1049
904,ES1,941869,Yellu Santiago,2021,1049
905,ES1,944124,Lass Sangare,2021,1049
906,ES1,340864,Jaume Grau,2021,331
907,ES1,947432,Marcos Fernandez,2021,237
908,ES1,354697,Tachi,2021,1108
909,ES1,718580,Antonio Marchena,2021,150
910,ES1,57825,Jorge Molina,2021,16795
911,ES1,844637,Marc Pubill,2021,3368
912,ES1,379632,Sergio Camus,2021,13
913,ES1,740253,Javi Castro,2021,940
914,ES1,741285,Ferran Quetglas,2021,237
915,ES1,668212,Ruben Iranzo,2021,1049
916,ES1,742201,Giuliano Simeone,2021,13
917,ES1,745461,Luca Koleosho,2021,714
918,ES1,376588,Njegos Petrovic,2021,16795
919,ES1,766552,Alberto Flores,2021,368
920,ES1,766583,Kike Salas,2021,368
921,ES1,775605,Pablo Barrios,2021,13
922,ES1,373916,Marcelo Saracchi,2021,3368
923,ES1,783429,Unai Dufur,2021,331
924,ES1,783873,Alvaro Lopez,2021,3709
925,ES1,784717,Fran Gonzalez,2021,13
926,ES1,809639,Koffi,2021,3709
927,ES1,54935,Martin Caceres,2021,3368
928,ES1,366931,Pau Martinez,2021,331
929,ES1,834755,Luis Bilbao,2021,621
930,ES1,364240,Moussa Wague,2021,131
931,ES1,364237,Mamadou Loum,2021,1108
932,ES1,834764,Javi Guerra,2021,1049
933,ES1,357628,Alfon Gonzalez,2021,940
934,ES1,841121,John Joe Patrick Finn,2021,3709
935,ES1,856136,Carlos Gimenez,2021,3368
936,ES1,668183,Nico Serrano,2021,621
937,ES1,540676,Thomas Carrique,2021,940
938,ES1,668177,Javi Serrano,2021,13
939,ES1,26399,Sergio Aguero,2021,131
940,ES1,27374,Sidnei,2021,150
941,ES1,505675,Rober Gonzalez,2021,150
942,ES1,505673,Victor Mollejo,2021,237
943,ES1,594926,Nais Djouahra,2021,681
944,ES1,500191,Pepe Sanchez,2021,16795
945,ES1,608382,Adrian Rodriguez,2021,1108
946,ES1,495752,Taichi Hara,2021,1108
947,ES1,610238,Pedro Ortiz,2021,368
948,ES1,29051,Manolo Reina,2021,237
949,ES1,495600,Alvaro Garcia,2021,714
950,ES1,589459,Joseda Menargues,2021,1049
951,ES1,610461,Luismi Cruz,2021,368
952,ES1,611202,Pablo Picon,2021,3368
953,ES1,488626,Jesus Areso,2021,331
954,ES1,487688,Alberto Soro,2021,16795
955,ES1,483742,Antonio Perera,2021,1108
956,ES1,611426,Matias Arezo,2021,16795
957,ES1,614464,Nikita Iosifov,2021,1050
958,ES1,480883,Miguel De La Fuente,2021,1108
959,ES1,617059,Pablo Cunat,2021,3368
960,ES1,32522,Antonio Barragan,2021,1531
961,ES1,617060,Mika Marmol,2021,131
962,ES1,617081,Diego Lopez,2021,1049
963,ES1,611198,Alex Blesa,2021,3368
964,ES1,514514,Barbero,2021,331
965,ES1,8176,Oier Olazabal,2021,714
966,ES1,581640,Coke Carrillo,2021,940
967,ES1,59551,Angel Montoro,2021,16795
968,ES1,537759,Sergio Santos,2021,418
969,ES1,537458,Joan Rojas,2021,13
970,ES1,537373,Valentino Fattore,2021,368
971,ES1,537369,Adrian Gonzalez,2021,368
972,ES1,537367,Alfonso Pastor,2021,368
973,ES1,536826,Nacho Quintana,2021,368
974,ES1,547248,Iker Alvarez,2021,1050
975,ES1,534376,Marco Moreno,2021,13
976,ES1,533568,Nahuel Tenaglia,2021,1108
977,ES1,548187,Alejandro Perez,2021,714
978,ES1,548188,German Valera,2021,681
979,ES1,550492,Giorgi Gagua,2021,1108
980,ES1,531824,Kike Hermoso,2021,150
981,ES1,15951,Dani Alves,2021,131
982,ES1,559979,Abdel Abqar,2021,1108
983,ES1,561702,Gaizka Ayesa,2021,681
984,ES1,562058,Sergio Barcia,2021,16795
985,ES1,527838,Alex Petxa,2021,621
986,ES1,566666,Dani Rebollo,2021,150
987,ES1,568149,Alberto Moreno,2021,13
988,ES1,568156,Antonio Pacheco,2021,1050
989,ES1,568158,Javi Lopez,2021,1108
990,ES1,568835,Pablo Martinez,2021,3368
991,ES1,569375,Koba Koindredi,2021,1049
992,ES1,471474,Javi Martinez,2021,331
993,ES1,468700,Neyder Lozano,2021,16795
994,ES1,466806,Alvaro Sanz,2021,131
995,ES1,618801,Alejandro Iturbe,2021,13
996,ES1,631098,Lanchi,2021,1050
997,ES1,448344,Oscar Melendo,2021,714
998,ES1,447052,Peru Nolaskoain,2021,621
999,ES1,631221,Isma Ruiz,2021,16795
1000,ES1,631222,Raul Torrente,2021,16795
1001,ES1,631693,Jesus Owono,2021,1108
1002,ES1,632471,Cheikh Kane Sarr,2021,16795
1003,ES1,632495,Josep Gaya,2021,237
1004,ES1,632498,Miguelito,2021,237
1005,ES1,632499,Pablo Galvez,2021,237
1006,ES1,632501,Thomas Giaquinto,2021,237
1007,ES1,42920,Fran Merida,2021,714
1008,ES1,632913,Pere Garcia,2021,237
1009,ES1,43003,Nacho Monreal,2021,681
1010,ES1,634116,Yoel Ramirez,2021,331
1011,ES1,634460,Alex Balboa,2021,1108
1012,ES1,413262,Dani Raba,2021,16795
1013,ES1,638235,Alejandro Cantero,2021,3368
1014,ES1,646734,Tomas Mendes,2021,1108
1015,ES1,646741,Cesar Fernandez,2021,940
1016,ES1,646746,Roger Martinez,2021,714
1017,ES1,412046,Ivan Chapela,2021,2687
1018,ES1,662261,Rafa Marin,2021,418
1019,ES1,546047,Jose Macias,2021,3709
1020,ES1,668041,Omar Faraj,2021,3368
1021,ES1,631002,Raul Garcia,2021,150
1022,ES1,44352,Luis Suarez,2021,13
1023,ES1,630998,Jose Calderon,2021,150
1024,ES1,448844,Carlos Neva,2021,16795
1025,ES1,34870,Roberto Soldado,2021,3368
1026,ES1,618813,Carlos Martin,2021,13
1027,ES1,623525,Luis Lopez,2021,418
1028,ES1,625651,Urko Gonzalez,2021,681
1029,ES1,625657,Unai Marrero,2021,681
1030,ES1,461631,Juan Carlos Arana,2021,1050
1031,ES1,625658,Ander Martin,2021,681
1032,ES1,625660,Jon Ander Olasagasti,2021,681
1033,ES1,461619,Fernando Medrano,2021,940
1034,ES1,626960,Juan Artola,2021,621
1035,ES1,461613,Christian Gomez,2021,13
1036,ES1,627276,Antonio Leal,2021,3368
1037,ES1,627277,Jose Manuel,2021,3368
1038,ES1,627282,Dani Tasende,2021,1050
1039,ES1,627287,Carlo Garcia,2021,1050
1040,ES1,627294,Fer Nino,2021,237
1041,ES1,628464,Manu Lama,2021,13
1042,ES1,628472,Marc Tenas,2021,1108
1043,ES1,628488,Marc Carmona,2021,237
1044,ES1,455181,Jorge De Frutos,2021,3368
1045,ES1,628496,Dani Villahermosa,2021,714
1046,ES1,39381,Gareth Bale,2021,418
1047,ES1,628498,Jofre Carreras,2021,714
1048,ES1,628886,Ivan Romero,2021,368
1049,ES1,628923,Juan Maria Alcedo,2021,368
1050,ES1,448835,Gaizka Campos,2021,940
1051,ES1,163086,Cristiano Piccini,2021,1049
1052,ES1,56067,Pablo Piatti,2021,1531
1053,ES1,970493,Ivan Sanz,2021,1108
1054,ES1,199369,Sandro Ramirez,2021,3709
1055,ES1,299715,Koke Vegas,2021,3368
1056,ES1,245893,Matt Miazga,2021,1108
1057,ES1,302991,Erick Cabaco,2021,3709
1058,ES1,274347,Ivan Saponjic,2021,13
1059,ES1,139895,Tomas Pina,2021,1108
1060,ES1,67548,Ruben Rochina,2021,16795
1061,ES1,140436,Lei Wu,2021,714
1062,ES1,67090,Didac Vila,2021,714
1063,ES1,141834,Cristian Tello,2021,150
1064,ES1,198638,Joao Costa,2021,16795
1065,ES1,246335,Ruben Yanez,2021,3709
1066,ES1,67082,Vitolo,2021,3709
1067,ES1,67080,Victor Laguardia,2021,1108
1068,ES1,315289,Myrto Uzuni,2021,16795
1069,ES1,248330,Chema Rodriguez,2021,3709
1070,ES1,319160,Jakub Jankto,2021,3709
1071,ES1,319253,Alexandru Tirlea,2021,1108
1072,ES1,111508,Allan Nyom,2021,3709
1073,ES1,87469,Cote,2021,331
1074,ES1,65467,Vicente Iborra,2021,1050
1075,ES1,249471,Saul Garcia,2021,1108
1076,ES1,144128,Matias Dituro,2021,940
1077,ES1,263860,Jason,2021,1108
1078,ES1,189453,Jonathan Silva,2021,3709
1079,ES1,298983,Javi Ontiveros,2021,331
1080,ES1,328480,Pepelu,2021,3368
1081,ES1,242532,Rober Ibanez,2021,331
1082,ES1,242497,Pere Pons,2021,1108
1083,ES1,126716,Paco Alcacer,2021,1050
1084,ES1,282700,Enric Franquesa,2021,3368
1085,ES1,73250,Mario Gaspar,2021,1050
1086,ES1,223053,Quini,2021,16795
1087,ES1,283489,Luca Zidane,2021,367
1088,ES1,228917,Jorge Miramon,2021,3368
1089,ES1,284430,Aaron Escandell,2021,16795
1090,ES1,217144,Aleix Febas,2021,237
1091,ES1,71905,Coke,2021,3368
1092,ES1,122043,Hector Herrera,2021,13
1093,ES1,71579,Inigo Perez,2021,331
1094,ES1,289236,Jon Bautista,2021,681
1095,ES1,120443,Santiago Arias,2021,16795
1096,ES1,289257,Jon Guridi,2021,681
1097,ES1,278837,Luis Rioja,2021,1108
1098,ES1,237499,Aleksandar Sedlar,2021,237
1099,ES1,120095,Jose Campana,2021,3368
1100,ES1,211251,Darwin Machis,2021,16795
1101,ES1,70934,Nolito,2021,940
1102,ES1,133794,Edgar Mendez,2021,1108
1103,ES1,295065,Toni Moya,2021,1108
1104,ES1,70245,Ignasi Miquel,2021,3709
1105,ES1,119235,Carlos Bacca,2021,16795
1106,ES1,137616,Okay Yokuslu,2021,940
1107,ES1,298197,Antonio Sivera,2021,1108
1108,ES1,69660,Jonas Ramalho,2021,331
1109,ES1,328914,Alex Blanco,2021,1049
1110,ES1,225015,Carlos Akapo,2021,2687
1111,ES1,98322,Denis Cheryshev,2021,1049
1112,ES1,175323,Oscar Duarte,2021,3368
1113,ES1,331508,Guillem Jaime,2021,131
1114,ES1,331511,Riqui Puig,2021,131
1115,ES1,166683,Mamadou Sylla,2021,367
1116,ES1,262365,Antonio Puertas,2021,16795
1117,ES1,970490,Oscar Medina,2021,1108
1118,ES1,99559,Alberto Perea,2021,2687
1119,ES1,177065,Florin Andone,2021,2687
1120,ES1,177046,Ruben Duarte,2021,1108
1121,ES1,90451,Ivan Marcone,2021,1531
1122,ES1,98596,John Guidetti,2021,1108
1123,ES1,257851,Ruben Vezo,2021,3368
1124,ES1,168959,Nemanja Radoja,2021,3368
1125,ES1,155423,Varazdat Haroyan,2021,2687
1126,ES1,63040,Oier Sanjurjo,2021,331
1127,ES1,258475,Nikola Maras,2021,367
1128,ES1,158795,David Timor,2021,3709
1129,ES1,158791,Sergio Postigo,2021,3368
1130,ES1,173900,Helder Costa,2021,1049
1131,ES1,331498,Jordi Mboula,2021,237
1132,ES1,151470,Nikola Vukcevic,2021,3368
1133,ES1,95963,German Sanchez,2021,16795
1134,ES1,330684,Luis Abram,2021,16795
1135,ES1,64134,Nestor Araujo,2021,940
1136,ES1,162074,Alvaro Vadillo,2021,714
1137,ES1,255653,Santi Mina,2021,940
1138,ES1,184672,Guido Carrillo,2021,1531
1139,ES1,88590,Shkodran Mustafi,2021,3368
1140,ES1,186399,Thiago Galhardo,2021,940
1141,ES1,627228,Yan Couto,2022,12321
1142,ES1,234811,Rui Silva,2022,150
1143,ES1,225593,Pere Milla,2022,1531
1144,ES1,235412,Jawad El Yamiq,2022,366
1145,ES1,225462,Jose Mari,2022,2687
1146,ES1,236734,Axel Werner,2022,1531
1147,ES1,623521,Juanmi Latasa,2022,3709
1148,ES1,95732,Martin Braithwaite,2022,714
1149,ES1,255488,Yeray Alvarez,2022,621
1150,ES1,255729,Awer Mabil,2022,2687
1151,ES1,238407,Alexander Sorloth,2022,681
1152,ES1,610083,Unai Vencedor,2022,621
1153,ES1,544106,Oscar Gil,2022,714
1154,ES1,608531,Mario Hernandez,2022,367
1155,ES1,119905,Hugo Mallo,2022,940
1156,ES1,607780,Miguel Angel Morro,2022,367
1157,ES1,120705,Juan Carlos,2022,12321
1158,ES1,255508,Inaki Williams,2022,621
1159,ES1,538996,Tanguy Nianzou,2022,368
1160,ES1,627226,Reinier,2022,12321
1161,ES1,623024,Jesus Vazquez,2022,1049
1162,ES1,93936,Kike Garcia,2022,331
1163,ES1,94308,Marko Dmitrović,2022,368
1164,ES1,229604,Geronimo Rulli,2022,1050
1165,ES1,623526,Toni Fuidias,2022,12321
1166,ES1,95641,Darko Brasanac,2022,331
1167,ES1,625014,Julen Agirrezabala,2022,621
1168,ES1,618809,Manu Sanchez,2022,331
1169,ES1,125165,Tecatito,2022,368
1170,ES1,227961,Jaime Mata,2022,3709
1171,ES1,229804,Aritz Elustondo,2022,681
1172,ES1,227805,Jaume Domenech,2022,1049
1173,ES1,255501,Inigo Lekue,2022,621
1174,ES1,125781,Antoine Griezmann,2022,13
1175,ES1,226261,Cesar De La Hoz,2022,3302
1176,ES1,226073,Ivo Grbic,2022,13
1177,ES1,226012,David Soria,2022,3709
1178,ES1,616369,Ander Barrenetxea,2022,681
1179,ES1,121483,Jan Oblak,2022,13
1180,ES1,615350,Cenk Ozkacar,2022,1049
1181,ES1,617074,Ilaix Moriba,2022,1049
1182,ES1,122155,Willian Jose,2022,150
1183,ES1,563137,Robert Navarro,2022,681
1184,ES1,254037,Iza Carcelen,2022,2687
1185,ES1,580560,Jon Pacheco,2022,681
1186,ES1,577486,Gaston Alvarez,2022,3709
1187,ES1,574772,Lazaro,2022,3302
1188,ES1,573775,Hugo Duro,2022,1049
1189,ES1,248738,Sergio Herrera,2022,331
1190,ES1,571020,Oihan Sancet,2022,621
1191,ES1,252667,Fali,2022,2687
1192,ES1,570421,Nico Melamed,2022,714
1193,ES1,560483,Randy Nteka,2022,367
1194,ES1,108390,Thibaut Courtois,2022,418
1195,ES1,107010,Stefan Savic,2022,13
1196,ES1,561613,Joan Garcia,2022,714
1197,ES1,251897,Asier Villalibre,2022,621
1198,ES1,249513,Diego Rico,2022,681
1199,ES1,568157,Yeremy Pino,2022,1050
1200,ES1,102423,Leandro Cabrera,2022,714
1201,ES1,250845,Jose Maria Gimenez,2022,13
1202,ES1,251896,Jesus Vallejo,2022,418
1203,ES1,102146,Edgar Badia,2022,1531
1204,ES1,100722,Lago Junior,2022,237
1205,ES1,251106,Enes Unal,2022,3709
1206,ES1,15452,Raul Albiol,2022,1050
1207,ES1,251876,Pablo Maffeo,2022,237
1208,ES1,557149,Kang In Lee,2022,237
1209,ES1,96718,Oscar De Marcos,2022,621
1210,ES1,252677,Jose Luis Morales,2022,1050
1211,ES1,247250,Ruben Alcaraz,2022,2687
1212,ES1,238868,Ruben Pena,2022,331
1213,ES1,118997,Aitor Fernandez,2022,331
1214,ES1,240360,Esteban Saveljich,2022,367
1215,ES1,240692,Reinildo Mandava,2022,13
1216,ES1,241229,Jordan Amavi,2022,3709
1217,ES1,548111,Alex Baena,2022,1050
1218,ES1,562742,Leo Roman,2022,237
1219,ES1,598765,Brian Ocampo,2022,2687
1220,ES1,596122,Pep Chavarria,2022,367
1221,ES1,115333,Juanpe,2022,12321
1222,ES1,592735,Gonzalo Plata,2022,366
1223,ES1,591916,Aitor Paredes,2022,621
1224,ES1,113133,German Pezzella,2022,150
1225,ES1,112515,Marcos Alonso,2022,131
1226,ES1,111961,Suso,2022,368
1227,ES1,15956,Jesus Navas,2022,368
1228,ES1,585323,Filip Jorgensen,2022,1050
1229,ES1,99343,Ander Herrera,2022,621
1230,ES1,246204,Salvi Sanchez,2022,367
1231,ES1,99353,Portu,2022,3709
1232,ES1,100131,William Carvalho,2022,150
1233,ES1,111630,Erik Lamela,2022,368
1234,ES1,552425,Jon Moncayola,2022,331
1235,ES1,225020,Mariano Diaz,2022,418
1236,ES1,247652,Shon Weissman,2022,366
1237,ES1,214775,Oliver Torres,2022,368
1238,ES1,126737,Juanmi,2022,150
1239,ES1,764859,Williot Swedberg,2022,940
1240,ES1,743589,Kaiky,2022,3302
1241,ES1,184779,Gonzalo Verdu,2022,1531
1242,ES1,149498,Gabriel Paulista,2022,1049
1243,ES1,739315,Nicolas Fernandez Mercau,2022,1531
1244,ES1,186862,Enzo Roco,2022,1531
1245,ES1,149231,Fidel,2022,1531
1246,ES1,188854,Manu Trigueros,2022,1050
1247,ES1,724520,Ez Abde,2022,331
1248,ES1,720038,Pablo Torre,2022,131
1249,ES1,148928,Saul Niguez,2022,13
1250,ES1,145769,Sergio Leon,2022,366
1251,ES1,190263,Predrag Rajković,2022,237
1252,ES1,182579,Karim Rekik,2022,368
1253,ES1,191217,Hector Bellerin,2022,131
1254,ES1,143559,Matija Nastasić,2022,237
1255,ES1,143029,Stefan Mitrović,2022,3709
1256,ES1,193098,Alex Moreno,2022,150
1257,ES1,193784,Carlos Clerc,2022,1531
1258,ES1,195171,Samu Castillejo,2022,1049
1259,ES1,711625,Jose Angel Carmona,2022,368
1260,ES1,711382,Jon Karrikaburu,2022,681
1261,ES1,142031,Omar Mascarell,2022,1531
1262,ES1,195488,Paulo Gazzaniga,2022,12321
1263,ES1,195605,Jose Pozo,2022,367
1264,ES1,196948,Andreas Christensen,2022,131
1265,ES1,709187,Nico Williams,2022,621
1266,ES1,197122,Unai Garcia,2022,331
1267,ES1,192009,Unai Lopez,2022,367
1268,ES1,197135,Joseba Zaldua,2022,2687
1269,ES1,181547,Goncalo Paciencia,2022,940
1270,ES1,783396,Ramon Terrats,2022,12321
1271,ES1,946883,Ivan Fresneda,2022,366
1272,ES1,162056,Gonzalo Melero,2022,3302
1273,ES1,162038,Raul De Tomas,2022,367
1274,ES1,165007,Denis Suarez,2022,940
1275,ES1,162027,David Gil,2022,2687
1276,ES1,165467,Stole Dimitrievski,2022,367
1277,ES1,166677,Brian Olivan,2022,714
1278,ES1,167721,Chimy Avila,2022,331
1279,ES1,158863,Inigo Martinez,2022,621
1280,ES1,167850,Memphis Depay,2022,131
1281,ES1,169497,Juan Cruz,2022,331
1282,ES1,170472,Dimitri Foulquier,2022,1049
1283,ES1,172015,Fernando Pacheco,2022,3302
1284,ES1,776890,Nicolas Jackson,2022,1050
1285,ES1,158704,Jon Ander Garrido,2022,2687
1286,ES1,157036,Dyego Sousa,2022,3302
1287,ES1,175449,Moi Gomez,2022,331
1288,ES1,156501,Felipe,2022,13
1289,ES1,826224,Arnau Martinez,2022,12321
1290,ES1,176140,Rodrigo Ely,2022,3302
1291,ES1,153427,Bebe,2022,367
1292,ES1,800175,Luiz Henrique,2022,150
1293,ES1,785967,Ibrahima Kebe,2022,12321
1294,ES1,785353,Pablo Ibanez,2022,331
1295,ES1,177452,Abdon Prats,2022,237
1296,ES1,177467,Gerard Moreno,2022,1050
1297,ES1,177847,Adnan Januzaj,2022,368
1298,ES1,178425,Dani Garcia,2022,621
1299,ES1,845568,Marko Milovanovic,2022,3302
1300,ES1,627290,John Nwankwo,2022,1531
1301,ES1,197545,Ander Capa,2022,621
1302,ES1,706138,Javier Llabres,2022,237
1303,ES1,213260,Ruben Garcia,2022,331
1304,ES1,634431,Benat Turrientes,2022,681
1305,ES1,634131,Aimar Oroz,2022,331
1306,ES1,213595,Juanjo Narvaez,2022,366
1307,ES1,7663,Joaquin,2022,150
1308,ES1,213670,Lucas Torro,2022,331
1309,ES1,129386,Zouhair Feddal,2022,366
1310,ES1,536030,Arnau Puigmal,2022,3302
1311,ES1,216240,Lucas Olaza,2022,366
1312,ES1,216464,Carlos Fernandez,2022,681
1313,ES1,216870,Nacho Vidal,2022,331
1314,ES1,128223,Alvaro Morata,2022,13
1315,ES1,221150,Djene,2022,3709
1316,ES1,129444,David Lopez,2022,12321
1317,ES1,221309,Oscar Plano,2022,366
1318,ES1,221315,Kevin Vazquez,2022,940
1319,ES1,221316,Lucas Vazquez,2022,418
1320,ES1,221321,Joaquin Fernandez,2022,366
1321,ES1,221322,Jose Gaya,2022,1049
1322,ES1,630995,Rodri Sanchez,2022,150
1323,ES1,221899,Leo Baptistao,2022,3302
1324,ES1,127189,Geoffrey Kondogbia,2022,13
1325,ES1,7825,Pepe Reina,2022,1050
1326,ES1,222805,Srdjan Babic,2022,3302
1327,ES1,127181,Benjamin Lecomte,2022,714
1328,ES1,127108,Florian Lejeune,2022,367
1329,ES1,223725,Munir El Haddadi,2022,3709
1330,ES1,126751,Inigo Ruiz De Galarreta,2022,237
1331,ES1,221311,Ivan Sanchez,2022,366
1332,ES1,142021,Sergi Darder,2022,714
1333,ES1,636093,Carlos Dominguez,2022,940
1334,ES1,212862,Alex Remiro,2022,681
1335,ES1,140776,Yannick Carrasco,2022,13
1336,ES1,699704,Gabri Veiga,2022,940
1337,ES1,139435,Dani Rodriguez,2022,237
1338,ES1,696506,Gui Guedes,2022,3302
1339,ES1,694928,Samuel Lino,2022,1049
1340,ES1,138927,Daniel Carvajal,2022,418
1341,ES1,683840,Pedri,2022,131
1342,ES1,202984,Roque Mesa,2022,366
1343,ES1,203043,Pedro Bigas,2022,1531
1344,ES1,203496,Nabil Fekir,2022,150
1345,ES1,670847,Mohamed Ali Cho,2022,681
1346,ES1,138803,Francisco Portillo,2022,3302
1347,ES1,205562,Thomas Lemar,2022,13
1348,ES1,636688,Alejandro Balde,2022,131
1349,ES1,205569,Mickael Malsa,2022,366
1350,ES1,207917,Alberto Moreno,2022,1050
1351,ES1,663581,Vinicius Souza,2022,714
1352,ES1,135492,Youssouf Sabaly,2022,150
1353,ES1,657430,Samu Costa,2022,3302
1354,ES1,649016,El Bilal Toure,2022,3302
1355,ES1,646750,Cristhian Mosquera,2022,1049
1356,ES1,131506,Samu Saiz,2022,12321
1357,ES1,131275,Choco Lozano,2022,2687
1358,ES1,646740,Gavi,2022,131
1359,ES1,640428,Eduardo Camavinga,2022,418
1360,ES1,211389,Helibelton Palacios,2022,1531
1361,ES1,638589,Angel Algobia,2022,3709
1362,ES1,212391,Roger Marti,2022,1531
1363,ES1,207834,Bono,2022,368
1364,ES1,18644,Alvaro Negredo,2022,2687
1365,ES1,59561,Dani Parejo,2022,1050
1366,ES1,255901,Rodrigo De Paul,2022,13
1367,ES1,298575,Kike Barja,2022,331
1368,ES1,298583,Eray Comert,2022,1049
1369,ES1,298589,David Garcia,2022,331
1370,ES1,69751,Jordi Alba,2022,131
1371,ES1,298613,Juan Perez,2022,331
1372,ES1,298975,Pol Lirola,2022,1531
1373,ES1,298976,Borja Mayoral,2022,3709
1374,ES1,50202,Eden Hazard,2022,418
1375,ES1,391719,Domingos Quina,2022,1531
1376,ES1,51174,Fernando,2022,368
1377,ES1,390688,Juan Iglesias,2022,3709
1378,ES1,300168,Mikel Vesga,2022,621
1379,ES1,68645,Martin Montoya,2022,150
1380,ES1,67808,Borja Garcia,2022,12321
1381,ES1,48280,Edinson Cavani,2022,1049
1382,ES1,388519,Kike Saverio,2022,331
1383,ES1,309110,Brais Mendez,2022,681
1384,ES1,51510,Angel Rodriguez,2022,237
1385,ES1,384060,Tino Kadewere,2022,237
1386,ES1,311044,Alfonso Espino,2022,2687
1387,ES1,380598,Santi Comesana,2022,367
1388,ES1,67089,Juan Cala,2022,2687
1389,ES1,315762,Luca De La Torre,2022,940
1390,ES1,316884,Dominik Greif,2022,237
1391,ES1,378463,Franco Russo,2022,237
1392,ES1,378293,Yangel Herrera,2022,12321
1393,ES1,378139,Aitor Ruibal,2022,150
1394,ES1,51710,Sergio Asenjo,2022,366
1395,ES1,66106,Sergio Canales,2022,150
1396,ES1,375382,Andre Almeida,2022,1049
1397,ES1,307519,Fede San Emeterio,2022,2687
1398,ES1,54235,Iker Muniain,2022,621
1399,ES1,297194,Ivan Villar,2022,940
1400,ES1,296622,Marco Asensio,2022,418
1401,ES1,72479,Clement Grenier,2022,237
1402,ES1,284854,Carles Alena,2022,3709
1403,ES1,413112,Aurelien Tchouameni,2022,418
1404,ES1,284884,Oscar Rodriguez,2022,940
1405,ES1,412363,Rodrygo,2022,418
1406,ES1,72047,Iago Aspas,2022,940
1407,ES1,412045,Pol Lozano,2022,714
1408,ES1,411975,Jules Kounde,2022,131
1409,ES1,288230,Ousmane Dembele,2022,131
1410,ES1,411295,Raphinha,2022,131
1411,ES1,288318,Adrian Embarba,2022,3302
1412,ES1,408471,Javi Puado,2022,714
1413,ES1,406773,Ivan Martos,2022,3302
1414,ES1,289255,Andoni Gorosabel,2022,681
1415,ES1,296783,Ezequiel Ponce,2022,1531
1416,ES1,405398,Takefusa Kubo,2022,681
1417,ES1,289272,Martin Merquelanz,2022,681
1418,ES1,402733,Gonzalo Montiel,2022,368
1419,ES1,401922,Samuel Chukwueze,2022,1050
1420,ES1,290249,Mauro Arambarri,2022,3709
1421,ES1,401624,Edgar Gonzalez,2022,150
1422,ES1,401530,Eder Militao,2022,418
1423,ES1,401521,Braian Cufre,2022,237
1424,ES1,291417,Ferland Mendy,2022,418
1425,ES1,399776,Pau Torres,2022,1050
1426,ES1,294808,Franck Kessie,2022,131
1427,ES1,295622,Keidi Bare,2022,714
1428,ES1,398184,Ferran Torres,2022,131
1429,ES1,46413,Ante Budimir,2022,331
1430,ES1,398131,Cristian Rivero,2022,1049
1431,ES1,404839,Andriy Lunin,2022,418
1432,ES1,422460,Dani Gomez,2022,714
1433,ES1,66100,Oriol Romeu,2022,12321
1434,ES1,320271,Toni Lato,2022,1049
1435,ES1,335225,Manu Morlanes,2022,1050
1436,ES1,63056,Roberto Torres,2022,331
1437,ES1,349836,Diego Gonzalez,2022,1531
1438,ES1,348795,Giovani Lo Celso,2022,1050
1439,ES1,62945,Luis Hernandez,2022,2687
1440,ES1,346289,Mouctar Diakhaby,2022,1049
1441,ES1,337066,Toni Villa,2022,12321
1442,ES1,58884,Nacho Fernandez,2022,418
1443,ES1,342385,Guido Rodriguez,2022,150
1444,ES1,59016,David Alaba,2022,418
1445,ES1,341713,Diego Conde,2022,3709
1446,ES1,341278,Ivan Martin,2022,12321
1447,ES1,62920,Victor Ruiz,2022,150
1448,ES1,341272,Alejandro Pozo,2022,3302
1449,ES1,351478,Mikel Oyarzabal,2022,681
1450,ES1,337715,Umar Sadiq,2022,681
1451,ES1,61812,Yuri Berchiche,2022,621
1452,ES1,59323,Cristhian Stuani,2022,12321
1453,ES1,59344,Asier Illarramendi,2022,681
1454,ES1,341227,Juan Miranda,2022,150
1455,ES1,341110,Franco Cervi,2022,940
1456,ES1,338285,Unai Nunez,2022,940
1457,ES1,340867,Jaime Seoane,2022,3709
1458,ES1,60410,Marcos Acuna,2022,368
1459,ES1,340853,Javi Sanchez,2022,366
1460,ES1,338424,Mikel Merino,2022,681
1461,ES1,340205,Gorka Guruzeta,2022,621
1462,ES1,339820,Amath Ndiaye,2022,237
1463,ES1,339816,Tete Morente,2022,1531
1464,ES1,338425,Alex Berenguer,2022,621
1465,ES1,341264,Fran Garcia,2022,367
1466,ES1,319745,Dani Ceballos,2022,418
1467,ES1,335221,Dani Martin,2022,150
1468,ES1,351809,Robin Le Normand,2022,681
1469,ES1,65318,Jaume Costa,2022,237
1470,ES1,65263,Jordi Masip,2022,366
1471,ES1,371998,Vinicius Junior,2022,418
1472,ES1,326330,Frenkie De Jong,2022,131
1473,ES1,369081,Federico Valverde,2022,418
1474,ES1,54534,Agustin Marchesin,2022,940
1475,ES1,65230,Sergio Busquets,2022,131
1476,ES1,367466,Thierry Correia,2022,1049
1477,ES1,327126,Anuar,2022,366
1478,ES1,327207,Juanjo Nieto,2022,3302
1479,ES1,64598,Bernardo Espinosa,2022,12321
1480,ES1,362086,Isi Palazon,2022,367
1481,ES1,361254,Rafa Mir,2022,368
1482,ES1,358250,Joseph Aidoo,2022,940
1483,ES1,334222,Lucas Boye,2022,1531
1484,ES1,358115,Luis Perez,2022,366
1485,ES1,330352,Raul Guti,2022,1531
1486,ES1,55215,Javier Pastore,2022,1531
1487,ES1,356197,Alfonso Pedraza,2022,1050
1488,ES1,330659,Justin Kluivert,2022,1049
1489,ES1,355861,Arnaut Danjuma,2022,1050
1490,ES1,355628,Igor Zubeldia,2022,681
1491,ES1,355627,Sergio Akieme,2022,3302
1492,ES1,331496,Valery Fernandez,2022,12321
1493,ES1,57935,Alvaro Gimenez,2022,2687
1494,ES1,354741,Loren Moron,2022,150
1495,ES1,331505,Oscar Mingueza,2022,940
1496,ES1,63494,Etienne Capoue,2022,1050
1497,ES1,353032,Omar Alderete,2022,3709
1498,ES1,333361,Chumi,2022,3302
1499,ES1,357884,Fernando Calero,2022,714
1500,ES1,422466,Javi Hernandez,2022,12321
1501,ES1,423440,Martin Zubimendi,2022,681
1502,ES1,423443,Alex Centelles,2022,3302
1503,ES1,263727,Joan Jordan,2022,368
1504,ES1,505674,Sergio Camello,2022,367
1505,ES1,263856,Victor Camarasa,2022,150
1506,ES1,27486,Kiko Casilla,2022,3709
1507,ES1,503991,Yunus Musah,2022,1049
1508,ES1,88490,Aleix Vidal,2022,714
1509,ES1,502676,Giorgi Mamardashvili,2022,1049
1510,ES1,501418,Adria Pedrosa,2022,714
1511,ES1,27992,Luka Modric,2022,418
1512,ES1,266807,Angel Correa,2022,13
1513,ES1,86202,Antonio Rudiger,2022,418
1514,ES1,495629,Hugo Guillamon,2022,1049
1515,ES1,495625,Victor Chust,2022,2687
1516,ES1,495621,Antonio Blanco,2022,2687
1517,ES1,506248,Edu Exposito,2022,714
1518,ES1,268506,Fabrizio Angileri,2022,3709
1519,ES1,494880,Jorge Cuenca,2022,1050
1520,ES1,85475,Federico Fernandez,2022,1531
1521,ES1,85383,Ruben Sobrino,2022,2687
1522,ES1,490421,Momo Mbaye,2022,2687
1523,ES1,85370,Sergi Roberto,2022,131
1524,ES1,85295,Ivan Balliu,2022,367
1525,ES1,85288,Isco,2022,368
1526,ES1,273152,Nemanja Maksimović,2022,3709
1527,ES1,30321,Oscar Trejo,2022,367
1528,ES1,481084,Marcos Andre,2022,1049
1529,ES1,480958,Ander Iru,2022,621
1530,ES1,85258,Mikel Balenziaga,2022,621
1531,ES1,82503,Aridane Hernandez,2022,331
1532,ES1,480763,Juan Foyth,2022,1050
1533,ES1,268670,Gerard Gumbau,2022,1531
1534,ES1,480267,Ronald Araujo,2022,131
1535,ES1,89297,Rodrigo Battaglia,2022,237
1536,ES1,89731,Inigo Eguaras,2022,3302
1537,ES1,18922,Karim Benzema,2022,418
1538,ES1,93935,Sergio Escudero,2022,366
1539,ES1,256267,Vedat Muriqi,2022,237
1540,ES1,256429,Sergi Guardiola,2022,366
1541,ES1,257062,Alvaro Garcia,2022,367
1542,ES1,18944,Gerard Pique,2022,131
1543,ES1,531277,Andres Martin,2022,367
1544,ES1,531274,Diego Fuoli,2022,3302
1545,ES1,20005,Papu Gomez,2022,368
1546,ES1,257376,Domingos Duarte,2022,3709
1547,ES1,527698,Kike Perez,2022,366
1548,ES1,527350,Manu Vallejo,2022,12321
1549,ES1,525578,Pathe Ciss,2022,367
1550,ES1,525299,Miguel Gutierrez,2022,12321
1551,ES1,262939,Johan Mojica,2022,1050
1552,ES1,20506,Andres Guardado,2022,150
1553,ES1,524000,Dani Vivian,2022,621
1554,ES1,339699,Giovanni Gonzalez,2022,237
1555,ES1,522784,Taty Castellanos,2022,12321
1556,ES1,91849,Thomas Delaney,2022,368
1557,ES1,89733,Alex Fernandez,2022,2687
1558,ES1,261504,Aleix Garcia,2022,12321
1559,ES1,520947,Santiago Arzamendia,2022,2687
1560,ES1,520840,Jose Copete,2022,237
1561,ES1,518644,Largie Ramazani,2022,3302
1562,ES1,517894,Matheus Cunha,2022,13
1563,ES1,517842,Aihen Munoz,2022,681
1564,ES1,517753,Oscar Valentin,2022,367
1565,ES1,262396,Unai Simon,2022,621
1566,ES1,513031,Antonio Sanchez,2022,237
1567,ES1,524010,Oier Zarraga,2022,621
1568,ES1,81999,Joselu,2022,714
1569,ES1,31909,Toni Kroos,2022,418
1570,ES1,32467,Ivan Rakitic,2022,368
1571,ES1,454238,Tomas Alarcon,2022,2687
1572,ES1,282411,Marcos Llorente,2022,13
1573,ES1,453704,Alvaro Fernandez,2022,714
1574,ES1,451801,Abdul Mumin,2022,367
1575,ES1,74294,Nemanja Gudelj,2022,368
1576,ES1,449796,Alejandro Catena,2022,367
1577,ES1,449496,Alvaro Aguado,2022,366
1578,ES1,282429,Sergio Reguilon,2022,13
1579,ES1,74229,Koke,2022,13
1580,ES1,448628,Javi Galan,2022,940
1581,ES1,73185,Lucas Perez,2022,2687
1582,ES1,282694,Augusto Solari,2022,940
1583,ES1,442805,Iddrisu Baba,2022,237
1584,ES1,40423,Claudio Bravo,2022,150
1585,ES1,282410,Jose Carlos Lazo,2022,714
1586,ES1,282722,Alex Collado,2022,1531
1587,ES1,282727,Monchu,2022,366
1588,ES1,282810,Carles Perez,2022,940
1589,ES1,439022,Marcao,2022,368
1590,ES1,438001,Santiago Bueno,2022,12321
1591,ES1,434990,Alex Sola,2022,681
1592,ES1,283170,Inaki Pena,2022,131
1593,ES1,433049,Youssef En Nesyri,2022,368
1594,ES1,429983,Jorgen Strand Larsen,2022,940
1595,ES1,429901,Paul Akouokou,2022,150
1596,ES1,428948,Andoni Zubiaurre,2022,681
1597,ES1,283196,Kasper Dolberg,2022,368
1598,ES1,284342,Jeremias Ledesma,2022,2687
1599,ES1,424042,Nahuel Molina,2022,13
1600,ES1,423444,Fran Beltran,2022,940
1601,ES1,442552,Houboulang Mendes,2022,3302
1602,ES1,74857,Marc Andre Ter Stegen,2022,131
1603,ES1,39152,Radamel Falcao,2022,367
1604,ES1,38253,Robert Lewandowski,2022,131
1605,ES1,81997,Fernando Martinez,2022,3302
1606,ES1,34370,Diego Lopez,2022,367
1607,ES1,277137,Renato Tapia,2022,940
1608,ES1,34601,Raul Garcia,2022,621
1609,ES1,277384,Martin Valjent,2022,237
1610,ES1,466810,Ansu Fati,2022,131
1611,ES1,277533,Josan,2022,1531
1612,ES1,466805,Nico Gonzalez,2022,1049
1613,ES1,466794,Eric Garcia,2022,131
1614,ES1,466783,Arnau Tenas,2022,131
1615,ES1,278296,Antonio Raillo,2022,237
1616,ES1,465967,Ander Guevara,2022,681
1617,ES1,80293,Aissa Mandi,2022,1050
1618,ES1,35047,Axel Witsel,2022,13
1619,ES1,462250,Joao Felix,2022,13
1620,ES1,35518,David Silva,2022,681
1621,ES1,278359,Borja Iglesias,2022,150
1622,ES1,455349,Jon Morcillo,2022,621
1623,ES1,74869,Francis Coquelin,2022,1050
1624,ES1,457221,Lucas Robertone,2022,3302
1625,ES1,281989,Luis Milla,2022,3709
1626,ES1,457931,Luiz Felipe,2022,150
1627,ES1,281769,Mario Hermoso,2022,13
1628,ES1,255755,Alex Telles,2022,368
1629,ES1,281755,Ivan Alejo,2022,2687
1630,ES1,461617,Rodrigo Riquelme,2022,12321
1631,ES1,37337,Mario Suarez,2022,367
1632,ES1,280730,Alvaro Odriozola,2022,418
1633,ES1,280701,Theo Bongonda,2022,2687
1634,ES1,76467,Kiko Femenia,2022,1050
1635,ES1,76746,Damian Suarez,2022,3709
1636,ES1,281404,Kenedy,2022,366
1637,ES1,92947,Sergi Gomez,2022,714
