,Player_ID,goals,assists,minutes_played,Appearances,goals_assists_per_game
0,215,5,1,1331,29,0.20689655172413793
1,1726,1,0,1634,20,0.05
2,2923,1,3,1333,20,0.2
3,2963,0,0,773,12,0.0
4,3979,0,0,2880,32,0.0
5,4192,0,0,178,7,0.0
6,5169,1,1,716,14,0.14285714285714285
7,5404,3,2,4407,62,0.08064516129032258
8,5856,0,1,2936,40,0.025
9,5957,0,0,1298,21,0.0
10,6119,0,0,1088,21,0.0
11,6585,5,2,874,16,0.4375
12,6838,0,0,124,2,0.0
13,7492,0,0,519,8,0.0
14,7501,0,0,375,13,0.0
15,7512,1,0,1967,35,0.02857142857142857
16,7542,0,1,2945,37,0.02702702702702703
17,7568,0,0,3481,41,0.0
18,7593,0,2,7519,95,0.021052631578947368
19,7600,2,7,7012,105,0.08571428571428572
20,7607,2,8,1780,31,0.3225806451612903
21,7631,1,0,2573,38,0.02631578947368421
22,7663,24,25,11663,205,0.23902439024390243
23,7717,7,10,3280,64,0.265625
24,7767,27,10,4956,107,0.34579439252336447
25,7781,5,2,7859,96,0.07291666666666667
26,7782,3,3,2310,67,0.08955223880597014
27,7874,0,0,9031,103,0.0
28,7881,2,0,3413,40,0.05
29,7914,0,1,9037,101,0.009900990099009901
30,7922,18,16,6145,97,0.35051546391752575
31,7923,3,12,6004,69,0.21739130434782608
32,7945,0,0,2027,31,0.0
33,7983,0,2,1382,31,0.06451612903225806
34,7989,3,1,1442,28,0.14285714285714285
35,8060,1,0,1854,22,0.045454545454545456
36,8108,0,0,207,5,0.0
37,8176,0,0,6032,68,0.0
38,8184,0,0,7668,88,0.0
39,8198,134,39,11124,127,1.3622047244094488
40,8538,7,8,4098,57,0.2631578947368421
41,9819,1,0,1251,14,0.07142857142857142
42,11111,2,1,3807,48,0.0625
43,11530,0,1,540,6,0.16666666666666666
44,12249,17,20,11483,155,0.23870967741935484
45,12906,0,0,188,3,0.0
46,13038,0,1,2749,37,0.02702702702702703
47,13872,2,3,4137,50,0.1
48,14132,5,4,5194,61,0.14754098360655737
49,14259,1,0,540,6,0.16666666666666666
50,14535,0,0,225,3,0.0
51,14937,0,0,180,2,0.0
52,14940,0,0,734,10,0.0
53,15452,1,0,9363,99,0.010101010101010102
54,15461,0,1,69,2,0.5
55,15500,0,0,31,3,0.0
56,15568,0,0,1563,28,0.0
57,15693,18,20,10130,135,0.2814814814814815
58,15790,0,1,1197,34,0.029411764705882353
59,15799,15,20,5108,70,0.5
60,15804,1,1,1531,22,0.09090909090909091
61,15904,1,1,2173,34,0.058823529411764705
62,15951,1,13,5777,73,0.1917808219178082
63,15956,2,21,12725,155,0.14838709677419354
64,15983,1,1,5289,66,0.030303030303030304
65,16135,4,1,560,11,0.45454545454545453
66,16306,24,18,16725,208,0.20192307692307693
67,16315,0,0,90,1,0.0
68,16458,0,0,2367,27,0.0
69,16595,0,0,988,12,0.0
70,16635,1,10,11027,132,0.08333333333333333
71,16922,10,4,2232,31,0.45161290322580644
72,17129,0,0,408,8,0.0
73,17396,0,0,932,18,0.0
74,17491,0,3,2395,33,0.09090909090909091
75,18006,3,9,6192,89,0.1348314606741573
76,18091,0,0,724,13,0.0
77,18644,26,12,7216,124,0.3064516129032258
78,18900,0,0,158,5,0.0
79,18922,150,71,20358,256,0.86328125
80,18935,2,3,1843,23,0.21739130434782608
81,18944,18,7,19718,227,0.11013215859030837
82,19104,10,3,1951,35,0.37142857142857144
83,19447,1,0,444,9,0.1111111111111111
84,19636,0,0,42,2,0.0
85,19958,0,0,540,6,0.0
86,19979,0,0,5393,61,0.0
87,19981,1,3,7358,92,0.043478260869565216
88,20005,8,3,2967,47,0.23404255319148937
89,20346,11,0,3309,57,0.19298245614035087
90,20506,3,16,9456,140,0.1357142857142857
91,21297,0,0,54,6,0.0
92,21369,7,10,4401,68,0.25
93,21725,7,15,9540,113,0.19469026548672566
94,21748,0,0,128,7,0.0
95,22550,0,3,5444,63,0.047619047619047616
96,22586,4,1,988,25,0.2
97,22969,1,9,10730,137,0.072992700729927
98,23102,0,0,199,9,0.0
99,23218,0,1,1575,18,0.05555555555555555
100,23338,0,0,5664,65,0.0
101,25316,33,6,6541,83,0.46987951807228917
102,25319,3,4,3301,59,0.11864406779661017
103,25412,1,2,5283,78,0.038461538461538464
104,25441,0,1,698,12,0.08333333333333333
105,25461,0,0,131,4,0.0
106,25508,0,0,1799,20,0.0
107,25557,36,8,15742,182,0.24175824175824176
108,26065,0,0,6124,69,0.0
109,26066,7,2,8077,102,0.08823529411764706
110,26148,0,0,34,3,0.0
111,26199,6,7,4980,62,0.20967741935483872
112,26443,0,1,390,15,0.06666666666666667
113,27292,0,0,43,1,0.0
114,27374,4,4,13662,164,0.04878048780487805
115,27389,59,18,10106,202,0.3811881188118812
116,27448,0,0,2991,35,0.0
117,27453,1,0,1976,23,0.043478260869565216
118,27470,4,0,1463,23,0.17391304347826086
119,27486,0,0,6790,76,0.0
120,27487,0,1,1767,31,0.03225806451612903
121,27493,0,2,14756,164,0.012195121951219513
122,27924,0,0,4292,60,0.0
123,27992,19,42,17578,227,0.2687224669603524
124,28003,231,109,20545,243,1.3991769547325104
125,28005,1,1,907,13,0.15384615384615385
126,28171,10,13,7099,111,0.2072072072072072
127,28260,1,5,1367,28,0.21428571428571427
128,28261,3,7,3965,60,0.16666666666666666
129,28285,0,0,166,11,0.0
130,29051,0,0,5130,57,0.0
131,29055,0,2,1807,24,0.08333333333333333
132,29065,0,0,1258,22,0.0
133,29124,66,18,11052,164,0.5121951219512195
134,29178,0,0,271,16,0.0
135,29401,0,0,294,11,0.0
136,29559,0,0,4373,49,0.0
137,30321,5,14,4250,58,0.3275862068965517
138,30584,2,2,1718,20,0.2
139,30666,2,0,1479,24,0.08333333333333333
140,30677,4,3,11727,141,0.04964539007092199
141,30749,0,0,1467,17,0.0
142,30846,0,1,557,12,0.08333333333333333
143,30929,0,0,572,7,0.0
144,31909,19,61,20037,243,0.3292181069958848
145,32467,32,36,18579,272,0.25
146,32522,1,16,11703,156,0.10897435897435898
147,32622,0,0,560,9,0.0
148,33210,0,0,4081,47,0.0
149,33357,3,1,2025,23,0.17391304347826086
150,33448,0,0,64,6,0.0
151,33648,0,1,579,12,0.08333333333333333
152,33706,5,8,1846,25,0.52
153,34370,0,0,13798,155,0.0
154,34495,0,2,1386,24,0.08333333333333333
155,34564,1,0,231,9,0.1111111111111111
156,34572,12,5,1941,28,0.6071428571428571
157,34601,67,27,18516,269,0.34944237918215615
158,34870,28,21,7459,118,0.4152542372881356
159,35242,0,0,1807,22,0.0
160,35448,0,0,601,11,0.0
161,35462,0,0,450,5,0.0
162,35518,4,11,3564,46,0.32608695652173914
163,35536,0,0,2544,31,0.0
164,35539,2,2,6389,80,0.05
165,35540,11,3,3368,58,0.2413793103448276
166,35541,0,0,1800,20,0.0
167,35548,0,1,2221,27,0.037037037037037035
168,35560,0,0,3471,44,0.0
169,35562,5,3,2096,29,0.27586206896551724
170,35564,4,3,1161,23,0.30434782608695654
171,35600,1,0,1035,12,0.08333333333333333
172,35773,24,9,7760,112,0.29464285714285715
173,35871,0,0,1320,19,0.0
174,35939,5,0,7945,92,0.05434782608695652
175,36350,1,0,3303,53,0.018867924528301886
176,36356,0,0,554,7,0.0
177,36371,2,0,638,17,0.11764705882352941
178,37337,6,0,4364,69,0.08695652173913043
179,37397,0,0,2882,36,0.0
180,37399,3,1,1702,28,0.14285714285714285
181,37403,0,0,5326,60,0.0
182,37501,20,1,3342,58,0.3620689655172414
183,37579,2,3,883,14,0.35714285714285715
184,37666,11,10,3593,66,0.3181818181818182
185,37712,3,2,7460,89,0.056179775280898875
186,37834,19,3,5324,93,0.23655913978494625
187,37892,0,0,2252,27,0.0
188,37906,0,0,243,3,0.0
189,37917,13,11,6985,130,0.18461538461538463
190,38270,0,0,1807,23,0.0
191,38414,0,1,854,16,0.0625
192,39004,0,0,365,5,0.0
193,39151,2,1,4904,78,0.038461538461538464
194,39152,7,0,997,22,0.3181818181818182
195,39381,66,31,10714,149,0.6510067114093959
196,39907,6,4,13083,178,0.056179775280898875
197,40423,0,0,9555,107,0.0
198,40428,0,1,4405,59,0.01694915254237288
199,40442,1,1,1342,32,0.0625
200,40888,6,16,10596,158,0.13924050632911392
201,41281,2,2,4972,60,0.06666666666666667
202,41355,1,2,615,16,0.1875
203,41749,0,0,180,2,0.0
204,42373,0,0,7452,83,0.0
205,42714,5,1,1753,22,0.2727272727272727
206,42920,1,1,2232,48,0.041666666666666664
207,42935,0,1,1038,15,0.06666666666666667
208,43003,3,1,4474,55,0.07272727272727272
209,43256,1,0,1238,15,0.06666666666666667
210,43264,0,8,3798,44,0.18181818181818182
211,44012,4,2,4115,52,0.11538461538461539
212,44027,6,1,1462,26,0.2692307692307692
213,44062,0,3,9356,105,0.02857142857142857
214,44065,5,6,7829,131,0.08396946564885496
215,44069,4,6,10439,135,0.07407407407407407
216,44073,14,3,7995,117,0.1452991452991453
217,44162,0,0,620,19,0.0
218,44317,0,0,678,9,0.0
219,44352,176,78,20280,258,0.9844961240310077
220,44373,1,3,3812,50,0.08
221,44412,12,4,7926,96,0.16666666666666666
222,44501,11,37,14672,188,0.2553191489361702
223,44514,5,1,1590,28,0.21428571428571427
224,44674,1,3,1388,26,0.15384615384615385
225,44675,0,0,436,13,0.0
226,44699,2,7,6307,78,0.11538461538461539
227,44735,0,1,3663,45,0.022222222222222223
228,44779,10,9,3513,54,0.35185185185185186
229,45121,8,0,1218,23,0.34782608695652173
230,45184,2,1,4986,58,0.05172413793103448
231,45256,5,1,6982,81,0.07407407407407407
232,45305,0,3,5374,69,0.043478260869565216
233,45314,0,0,295,4,0.0
234,45319,5,5,6047,78,0.1282051282051282
235,45335,19,7,4033,71,0.36619718309859156
236,45383,18,11,5740,104,0.27884615384615385
237,45599,1,2,1787,23,0.13043478260869565
238,45639,3,3,5843,97,0.061855670103092786
239,45653,4,2,4211,50,0.12
240,45710,1,4,1412,23,0.21739130434782608
241,45775,0,0,241,10,0.0
242,45882,0,0,2880,32,0.0
243,45912,0,1,11240,127,0.007874015748031496
244,46104,6,4,1204,21,0.47619047619047616
245,46110,0,1,791,13,0.07692307692307693
246,46215,17,2,3006,51,0.37254901960784315
247,46220,3,4,1917,27,0.25925925925925924
248,46413,32,6,6470,93,0.40860215053763443
249,46415,16,6,5021,80,0.275
250,47647,2,0,2007,37,0.05405405405405406
251,47659,0,0,540,6,0.0
252,48859,2,0,3586,46,0.043478260869565216
253,49500,5,13,15721,182,0.0989010989010989
254,49795,0,0,356,18,0.0
255,50202,4,8,2429,48,0.25
256,50355,2,0,749,14,0.14285714285714285
257,50487,5,1,1263,31,0.1935483870967742
258,50935,8,7,1304,32,0.46875
259,51046,3,2,4243,52,0.09615384615384616
260,51058,0,3,1306,21,0.14285714285714285
261,51118,0,1,4212,49,0.02040816326530612
262,51174,6,8,7548,89,0.15730337078651685
263,51226,0,0,1123,14,0.0
264,51426,6,1,5352,79,0.08860759493670886
265,51471,1,6,3707,73,0.0958904109589041
266,51474,6,8,7575,124,0.11290322580645161
267,51489,0,0,384,6,0.0
268,51504,0,0,450,5,0.0
269,51510,40,13,8950,179,0.29608938547486036
270,51532,0,0,186,10,0.0
271,51535,0,1,2157,25,0.04
272,51547,0,0,282,5,0.0
273,51559,10,3,2611,40,0.325
274,51587,17,21,10522,169,0.22485207100591717
275,51663,2,1,3466,46,0.06521739130434782
276,51667,2,2,6217,75,0.05333333333333334
277,51710,0,0,17760,193,0.0
278,52345,0,0,490,11,0.0
279,52403,5,1,11411,134,0.04477611940298507
280,52428,11,2,2211,35,0.37142857142857144
281,52432,0,0,54,5,0.0
282,52469,12,8,11726,165,0.12121212121212122
283,53239,0,0,114,3,0.0
284,53293,0,0,682,8,0.0
285,53350,0,0,561,8,0.0
286,54155,0,5,4327,54,0.09259259259259259
287,54217,0,0,990,11,0.0
288,54231,2,3,4219,58,0.08620689655172414
289,54235,35,28,16261,222,0.28378378378378377
290,54245,9,21,8477,141,0.2127659574468085
291,54774,0,1,1797,28,0.03571428571428571
292,54781,6,0,3098,35,0.17142857142857143
293,54859,0,0,412,6,0.0
294,54928,10,5,13477,156,0.09615384615384616
295,54935,0,0,669,10,0.0
296,55135,0,0,1440,17,0.0
297,55215,0,0,527,13,0.0
298,55240,1,1,6727,85,0.023529411764705882
299,55619,8,10,4679,74,0.24324324324324326
300,55854,0,0,576,7,0.0
301,55866,0,1,2768,32,0.03125
302,56046,0,1,524,11,0.09090909090909091
303,56066,0,2,4495,61,0.03278688524590164
304,56067,20,21,8256,151,0.271523178807947
305,56134,4,1,9735,125,0.04
306,56777,1,4,9295,123,0.04065040650406504
307,56790,2,0,747,14,0.14285714285714285
308,57162,7,9,3191,54,0.2962962962962963
309,57186,0,0,603,7,0.0
310,57229,9,3,1939,34,0.35294117647058826
311,57403,0,0,481,8,0.0
312,57522,0,1,7210,81,0.012345679012345678
313,57693,0,0,585,7,0.0
314,57785,2,1,2908,38,0.07894736842105263
315,57791,3,0,2263,32,0.09375
316,57800,0,0,2070,23,0.0
317,57816,0,4,2787,38,0.10526315789473684
318,57818,0,0,90,1,0.0
319,57825,45,20,11824,199,0.32663316582914576
320,57866,0,0,221,4,0.0
321,57876,0,0,3327,49,0.0
322,57935,0,0,381,17,0.0
323,57943,0,1,1176,21,0.047619047619047616
324,57944,0,0,726,10,0.0
325,57961,3,3,1438,18,0.3333333333333333
326,58001,11,4,1771,29,0.5172413793103449
327,58064,0,0,360,4,0.0
328,58070,3,0,2126,28,0.10714285714285714
329,58074,0,6,2586,36,0.16666666666666666
330,58076,3,5,3066,49,0.16326530612244897
331,58112,0,3,2423,38,0.07894736842105263
332,58115,0,0,3964,47,0.0
333,58281,2,1,4169,57,0.05263157894736842
334,58330,3,8,7023,98,0.11224489795918367
335,58341,0,0,4961,56,0.0
336,58345,21,9,4629,61,0.4918032786885246
337,58405,5,2,1378,26,0.2692307692307692
338,58426,3,0,1830,24,0.125
339,58474,0,0,789,10,0.0
340,58497,0,0,2070,23,0.0
341,58576,2,1,1686,24,0.125
342,58774,0,1,411,8,0.125
343,58799,11,11,6283,110,0.2
344,58818,4,2,2827,51,0.11764705882352941
345,58864,11,1,1100,17,0.7058823529411765
346,58874,8,5,7364,83,0.1566265060240964
347,58884,11,4,11977,163,0.09202453987730061
348,58949,4,5,1612,32,0.28125
349,59016,3,5,3096,30,0.26666666666666666
350,59248,0,1,1946,26,0.038461538461538464
351,59323,53,0,7393,102,0.5196078431372549
352,59343,0,0,556,7,0.0
353,59344,10,9,12978,173,0.10982658959537572
354,59349,0,0,5130,57,0.0
355,59375,8,6,8257,120,0.11666666666666667
356,59551,4,7,5211,87,0.12643678160919541
357,59561,53,54,24309,277,0.3862815884476534
358,59783,0,0,169,6,0.0
359,59938,1,0,197,3,0.3333333333333333
360,60289,0,0,66,1,0.0
361,60410,2,5,4964,61,0.11475409836065574
362,60445,4,5,5602,88,0.10227272727272728
363,60542,0,3,5082,79,0.0379746835443038
364,60890,35,32,16020,200,0.335
365,61344,3,3,2012,46,0.13043478260869565
366,61401,1,0,191,6,0.16666666666666666
367,61464,4,1,2007,36,0.1388888888888889
368,61546,4,3,8398,105,0.06666666666666667
369,61637,0,1,803,15,0.06666666666666667
370,61812,9,17,15266,182,0.14285714285714285
371,62144,2,1,2883,45,0.06666666666666667
372,62611,0,0,799,26,0.0
373,62713,0,0,145,3,0.0
374,62913,0,0,5419,70,0.0
375,62920,5,4,15535,182,0.04945054945054945
376,62941,0,0,167,3,0.0
377,62945,1,2,10048,107,0.028037383177570093
378,63040,3,5,8321,122,0.06557377049180328
379,63056,23,14,7726,131,0.2824427480916031
380,63186,9,5,3601,55,0.2545454545454545
381,63290,5,15,12555,167,0.11976047904191617
382,63463,16,29,17762,225,0.2
383,63494,2,1,3992,46,0.06521739130434782
384,63689,8,2,5220,76,0.13157894736842105
385,63706,0,0,540,6,0.0
386,63723,7,0,8448,99,0.0707070707070707
387,64000,0,0,6345,71,0.0
388,64134,4,2,10618,133,0.045112781954887216
389,64308,1,0,731,13,0.07692307692307693
390,64363,0,3,6385,78,0.038461538461538464
391,64399,0,0,9090,101,0.0
392,64411,3,12,12821,160,0.09375
393,64484,9,2,2545,65,0.16923076923076924
394,64598,5,3,9335,107,0.07476635514018691
395,64992,0,0,289,4,0.0
396,65230,6,20,21981,272,0.09558823529411764
397,65233,0,0,133,6,0.0
398,65237,2,2,5869,70,0.05714285714285714
399,65239,1,0,742,13,0.07692307692307693
400,65243,2,2,2378,42,0.09523809523809523
401,65263,0,0,8730,96,0.0
402,65278,6,6,1531,35,0.34285714285714286
403,65301,0,0,1493,29,0.0
404,65318,4,10,14803,187,0.0748663101604278
405,65331,5,4,6369,97,0.09278350515463918
406,65467,25,9,11520,172,0.19767441860465115
407,65489,0,0,1749,29,0.0
408,66099,0,6,4056,61,0.09836065573770492
409,66106,35,36,17821,252,0.28174603174603174
410,66110,0,0,172,5,0.0
411,66112,5,10,6126,98,0.15306122448979592
412,66413,0,0,367,6,0.0
413,66736,1,1,1197,17,0.11764705882352941
414,67080,9,8,15254,176,0.09659090909090909
415,67082,19,23,10259,174,0.2413793103448276
416,67089,6,3,7447,91,0.0989010989010989
417,67090,0,2,6883,95,0.021052631578947368
418,67542,0,1,1233,20,0.05
419,67544,0,0,210,9,0.0
420,67546,4,3,5677,65,0.1076923076923077
421,67548,19,21,9625,154,0.2597402597402597
422,67808,5,11,8553,119,0.13445378151260504
423,67823,0,0,1688,24,0.0
424,67920,4,1,1009,18,0.2777777777777778
425,68290,59,34,8280,97,0.9587628865979382
426,68645,2,7,6939,86,0.10465116279069768
427,69001,0,0,225,3,0.0
428,69006,2,0,463,8,0.25
429,69609,0,0,2898,42,0.0
430,69660,1,0,4465,56,0.017857142857142856
431,69751,13,54,20618,245,0.27346938775510204
432,69819,1,1,566,21,0.09523809523809523
433,70245,0,0,2092,27,0.0
434,70767,0,0,151,6,0.0
435,70898,0,0,1709,26,0.0
436,70934,43,33,12329,189,0.4021164021164021
437,70946,0,1,469,9,0.1111111111111111
438,71002,0,0,6,2,0.0
439,71204,0,0,4337,53,0.0
440,71206,0,0,1170,13,0.0
441,71273,6,1,1810,34,0.20588235294117646
442,71394,10,6,3089,45,0.35555555555555557
443,71548,5,7,13604,169,0.07100591715976332
444,71559,7,1,10551,128,0.0625
445,71570,0,1,6295,71,0.014084507042253521
446,71571,2,2,5922,106,0.03773584905660377
447,71579,3,1,2761,54,0.07407407407407407
448,71601,0,0,1141,15,0.0
449,71671,10,2,3767,65,0.18461538461538463
450,71801,0,0,607,8,0.0
451,71835,0,0,1200,14,0.0
452,71840,1,1,1288,27,0.07407407407407407
453,71904,2,1,2621,36,0.08333333333333333
454,71905,12,5,8701,127,0.13385826771653545
455,71918,3,7,4818,72,0.1388888888888889
456,72047,128,43,20409,251,0.6812749003984063
457,72189,3,2,4948,63,0.07936507936507936
458,72195,1,0,1431,27,0.037037037037037035
459,72201,0,0,83,3,0.0
460,72286,0,0,566,7,0.0
461,72310,0,4,10448,132,0.030303030303030304
462,72315,0,2,3155,51,0.0392156862745098
463,72319,0,0,131,3,0.0
464,72479,1,0,398,5,0.2
465,72522,16,2,3966,90,0.2
466,72779,2,3,2633,47,0.10638297872340426
467,72935,0,0,1,1,0.0
468,73076,0,0,346,8,0.0
469,73092,0,0,3573,50,0.0
470,73180,4,1,4507,55,0.09090909090909091
471,73185,52,30,14554,188,0.43617021276595747
472,73222,0,0,13,2,0.0
473,73244,0,0,18,1,0.0
474,73250,8,18,18790,227,0.1145374449339207
475,73314,0,2,1488,31,0.06451612903225806
476,73319,1,5,4683,55,0.10909090909090909
477,73636,11,3,5545,97,0.14432989690721648
478,73734,6,6,7128,90,0.13333333333333333
479,73782,4,1,1352,21,0.23809523809523808
480,74228,0,1,2532,32,0.03125
481,74229,24,55,23091,270,0.29259259259259257
482,74230,36,37,12398,167,0.437125748502994
483,74232,0,0,1155,15,0.0
484,74294,0,0,3581,75,0.0
485,74297,8,8,4371,59,0.2711864406779661
486,74314,0,1,1499,17,0.058823529411764705
487,74418,2,2,654,15,0.26666666666666666
488,74557,3,1,4188,52,0.07692307692307693
489,74641,0,0,230,4,0.0
490,74857,0,2,19982,217,0.009216589861751152
491,74869,4,4,6079,103,0.07766990291262135
492,74954,7,12,3804,63,0.30158730158730157
493,74996,0,0,172,7,0.0
494,75127,0,1,1526,21,0.047619047619047616
495,75238,0,0,1793,21,0.0
496,75287,2,0,534,17,0.11764705882352941
497,75442,3,2,1236,29,0.1724137931034483
498,75446,4,3,3108,54,0.12962962962962962
499,75820,0,0,347,6,0.0
500,76032,0,0,35,2,0.0
501,76061,1,7,4411,70,0.11428571428571428
502,76076,0,0,1440,16,0.0
503,76163,18,13,7462,140,0.22142857142857142
504,76273,8,4,9832,144,0.08333333333333333
505,76285,0,0,315,4,0.0
506,76467,0,2,2794,31,0.06451612903225806
507,76699,0,0,1946,23,0.0
508,76746,4,18,19729,230,0.09565217391304348
509,77026,6,3,8168,93,0.0967741935483871
510,77262,2,6,5429,67,0.11940298507462686
511,77707,4,9,3931,59,0.22033898305084745
512,77737,2,1,3221,43,0.06976744186046512
513,77826,3,5,2619,47,0.1702127659574468
514,77932,0,0,55,4,0.0
515,79352,0,1,671,30,0.03333333333333333
516,79422,0,0,9360,104,0.0
517,79470,0,0,293,5,0.0
518,79642,1,1,1128,25,0.08
519,79893,0,0,78,4,0.0
520,80293,8,3,14660,169,0.0650887573964497
521,80444,16,10,4483,76,0.34210526315789475
522,81532,15,6,8411,107,0.19626168224299065
523,81743,0,1,1456,24,0.041666666666666664
524,81796,0,0,8,1,0.0
525,81988,34,23,12447,187,0.3048128342245989
526,81998,0,4,894,19,0.21052631578947367
527,81999,44,12,10381,130,0.4307692307692308
528,82048,14,5,2792,53,0.3584905660377358
529,82503,3,0,5797,68,0.04411764705882353
530,83368,0,0,767,11,0.0
531,83895,1,3,2626,40,0.1
532,84085,1,0,4288,52,0.019230769230769232
533,85258,1,7,15030,187,0.0427807486631016
534,85288,29,37,11481,214,0.308411214953271
535,85289,0,0,4816,56,0.0
536,85295,1,2,3688,35,0.08571428571428572
537,85324,25,4,5005,83,0.3493975903614458
538,85357,0,0,58,4,0.0
539,85370,6,30,12904,188,0.19148936170212766
540,85372,0,1,1872,28,0.03571428571428571
541,85383,14,5,6498,131,0.1450381679389313
542,85500,1,0,234,10,0.1
543,86175,1,2,286,4,0.75
544,87469,3,13,10441,137,0.11678832116788321
545,88103,29,28,5411,85,0.6705882352941176
546,88490,11,17,8853,144,0.19444444444444445
547,88590,7,1,6315,75,0.10666666666666667
548,89297,1,0,4071,58,0.017241379310344827
549,89313,2,4,7354,91,0.06593406593406594
550,89318,0,0,1165,15,0.0
551,89473,3,1,3436,45,0.08888888888888889
552,89618,0,0,3330,37,0.0
553,89650,0,1,670,14,0.07142857142857142
554,89726,0,0,286,4,0.0
555,89733,7,3,4332,62,0.16129032258064516
556,90024,2,1,788,25,0.12
557,90451,0,0,3458,53,0.0
558,90660,0,1,526,14,0.07142857142857142
559,90681,2,0,3640,45,0.044444444444444446
560,91763,8,7,7380,118,0.1271186440677966
561,91849,2,1,1701,26,0.11538461538461539
562,91885,0,0,630,7,0.0
563,91931,0,0,270,3,0.0
564,92813,0,0,287,5,0.0
565,92947,2,3,15704,196,0.025510204081632654
566,93142,0,0,2726,41,0.0
567,93330,0,0,1807,21,0.0
568,93759,0,1,1310,16,0.0625
569,93795,3,0,1064,38,0.07894736842105263
570,93935,7,12,12621,166,0.1144578313253012
571,93936,41,7,12132,186,0.25806451612903225
572,94304,1,2,2004,26,0.11538461538461539
573,94308,1,0,12256,136,0.007352941176470588
574,94414,0,0,312,6,0.0
575,94783,0,0,2203,26,0.0
576,94807,0,0,917,11,0.0
577,95438,5,3,1447,25,0.32
578,95480,1,1,1396,18,0.1111111111111111
579,95483,1,2,1319,22,0.13636363636363635
580,95641,6,6,10213,154,0.07792207792207792
581,95732,17,11,5408,87,0.3218390804597701
582,95736,0,0,2520,28,0.0
583,95810,0,10,5436,68,0.14705882352941177
584,95963,7,2,7231,94,0.09574468085106383
585,96454,0,1,671,12,0.08333333333333333
586,96533,23,4,4513,63,0.42857142857142855
587,96540,0,1,248,5,0.2
588,96718,7,21,16359,207,0.13526570048309178
589,96828,19,2,3454,53,0.39622641509433965
590,98249,16,12,11358,166,0.1686746987951807
591,98322,12,21,7737,158,0.2088607594936709
592,98512,0,1,481,13,0.07692307692307693
593,98596,17,6,4828,130,0.17692307692307693
594,99349,0,0,27,1,0.0
595,99352,3,16,6713,105,0.18095238095238095
596,99353,36,20,12229,180,0.3111111111111111
597,99355,1,4,3466,50,0.1
598,99499,1,0,319,13,0.07692307692307693
599,99559,2,4,2325,45,0.13333333333333333
600,99922,9,6,12099,148,0.10135135135135136
601,99924,0,1,732,11,0.09090909090909091
602,100131,4,8,6751,103,0.11650485436893204
603,100722,4,0,2209,35,0.11428571428571428
604,101118,0,0,4958,56,0.0
605,101742,0,1,3875,44,0.022727272727272728
606,102146,0,0,5400,54,0.0
607,102423,6,1,10443,113,0.061946902654867256
608,102744,0,1,1093,15,0.06666666666666667
609,103890,1,4,2392,28,0.17857142857142858
610,105521,2,0,334,8,0.25
611,105899,1,0,1754,24,0.041666666666666664
612,106825,0,0,71,2,0.0
613,106837,1,1,3733,46,0.043478260869565216
614,107010,2,3,14891,172,0.029069767441860465
615,108390,0,0,12690,135,0.0
616,108830,0,0,2730,35,0.0
617,110309,1,1,1684,32,0.0625
618,110366,7,4,2384,43,0.2558139534883721
619,111082,0,2,1318,25,0.08
620,111508,4,4,9471,122,0.06557377049180328
621,111621,0,0,191,5,0.0
622,111630,6,2,1371,20,0.4
623,111819,0,0,7110,79,0.0
624,111873,0,0,360,4,0.0
625,111961,4,6,3448,59,0.1694915254237288
626,112668,8,4,2328,35,0.34285714285714286
627,113045,1,4,13101,163,0.03067484662576687
628,113133,5,1,7682,84,0.07142857142857142
629,114060,8,3,3385,60,0.18333333333333332
630,114130,0,0,86,2,0.0
631,114340,0,0,977,12,0.0
632,115333,5,1,6373,68,0.08823529411764706
633,115382,2,1,4925,61,0.04918032786885246
634,115507,0,0,429,9,0.0
635,118008,1,1,752,14,0.14285714285714285
636,118732,0,0,199,13,0.0
637,118997,0,0,8457,94,0.0
638,119228,8,2,1726,35,0.2857142857142857
639,119235,48,17,8304,164,0.39634146341463417
640,119622,1,4,1692,31,0.16129032258064516
641,119905,9,18,20316,233,0.11587982832618025
642,120095,10,24,11280,137,0.24817518248175183
643,120211,0,0,122,2,0.0
644,120443,2,2,3280,51,0.0784313725490196
645,120629,0,0,3240,36,0.0
646,120705,0,0,5222,53,0.0
647,121483,0,1,24402,267,0.003745318352059925
648,121990,0,6,1987,31,0.1935483870967742
649,122043,0,3,2652,58,0.05172413793103448
650,122155,70,20,13320,205,0.43902439024390244
651,124550,0,1,347,11,0.09090909090909091
652,124555,0,1,2823,32,0.03125
653,124560,1,2,550,15,0.2
654,124891,0,1,97,3,0.3333333333333333
655,125165,2,4,1225,18,0.3333333333333333
656,125735,1,0,1244,24,0.041666666666666664
657,125781,121,51,21706,280,0.6142857142857143
658,125783,0,0,534,10,0.0
659,125931,2,10,9301,114,0.10526315789473684
660,126252,0,1,3929,49,0.02040816326530612
661,126516,1,11,6404,80,0.15
662,126540,2,1,7187,91,0.03296703296703297
663,126625,3,7,5441,78,0.1282051282051282
664,126664,0,2,1877,29,0.06896551724137931
665,126716,45,27,9497,162,0.4444444444444444
666,126722,0,0,1087,14,0.0
667,126731,0,0,90,1,0.0
668,126737,53,12,10404,186,0.34946236559139787
669,126741,0,0,63,3,0.0
670,126751,0,0,1534,22,0.0
671,126875,0,0,460,7,0.0
672,127032,0,1,1003,19,0.05263157894736842
673,127048,31,4,4694,75,0.4666666666666667
674,127108,3,2,9051,98,0.05102040816326531
675,127142,2,0,1156,20,0.1
676,127187,0,2,1157,15,0.13333333333333333
677,127189,7,12,8866,135,0.14074074074074075
678,127457,1,0,1118,25,0.04
679,127554,1,7,9507,116,0.06896551724137931
680,127837,16,15,8416,151,0.2052980132450331
681,127987,2,6,2155,41,0.1951219512195122
682,128219,2,0,1006,21,0.09523809523809523
683,128220,8,8,2680,44,0.36363636363636365
684,128223,36,8,4933,75,0.5866666666666667
685,128295,1,8,8908,109,0.08256880733944955
686,128488,2,0,4726,58,0.034482758620689655
687,128969,0,0,1170,13,0.0
688,129386,8,6,9158,108,0.12962962962962962
689,129444,8,6,12017,145,0.09655172413793103
690,129473,13,4,6094,102,0.16666666666666666
691,129476,2,7,1284,27,0.3333333333333333
692,129679,1,0,1428,35,0.02857142857142857
693,129693,1,0,1391,29,0.034482758620689655
694,129753,8,6,6988,110,0.12727272727272726
695,130360,0,0,289,9,0.0
696,130365,0,0,754,12,0.0
697,130756,1,1,1739,22,0.09090909090909091
698,131090,3,0,5521,67,0.04477611940298507
699,131102,3,0,8516,107,0.028037383177570093
700,131248,3,1,1420,24,0.16666666666666666
701,131275,11,8,4700,94,0.20212765957446807
702,131505,38,30,11982,172,0.3953488372093023
703,131506,2,0,490,10,0.2
704,131667,2,1,2198,39,0.07692307692307693
705,131694,0,1,376,12,0.08333333333333333
706,131708,1,1,4312,51,0.0392156862745098
707,132921,2,3,2477,41,0.12195121951219512
708,133089,1,0,753,14,0.07142857142857142
709,133794,16,4,8863,153,0.13071895424836602
710,134098,0,0,569,7,0.0
711,134936,13,8,3301,74,0.28378378378378377
712,135208,3,6,4442,51,0.17647058823529413
713,135343,2,2,2221,25,0.16
714,135492,0,1,950,10,0.1
715,137174,2,1,5780,68,0.04411764705882353
716,137616,2,2,5230,87,0.04597701149425287
717,137648,1,0,1473,17,0.058823529411764705
718,137704,12,5,5475,89,0.19101123595505617
719,138655,0,0,8,1,0.0
720,138662,0,0,892,12,0.0
721,138803,3,10,6277,116,0.11206896551724138
722,138927,3,29,15770,192,0.16666666666666666
723,138935,4,3,8975,127,0.05511811023622047
724,139336,1,1,9187,111,0.018018018018018018
725,139396,2,1,1449,32,0.09375
726,139434,1,4,5654,76,0.06578947368421052
727,139435,8,10,6282,73,0.2465753424657534
728,139449,0,0,129,3,0.0
729,139895,5,7,13199,189,0.06349206349206349
730,139915,3,3,822,23,0.2608695652173913
731,140082,0,0,267,6,0.0
732,140436,8,2,3247,72,0.1388888888888889
733,140776,31,29,10478,160,0.375
734,140808,0,0,90,1,0.0
735,141834,17,15,6101,140,0.22857142857142856
736,141835,12,5,4048,65,0.26153846153846155
737,142021,14,17,14632,176,0.17613636363636365
738,142023,0,0,552,14,0.0
739,142027,2,7,2914,73,0.1232876712328767
740,142031,0,1,4661,58,0.017241379310344827
741,142033,0,0,180,2,0.0
742,142419,3,2,9071,106,0.04716981132075472
743,142920,0,1,318,14,0.07142857142857142
744,143029,1,0,3067,32,0.03125
745,144128,0,0,3420,38,0.0
746,145707,3,7,3534,41,0.24390243902439024
747,145769,24,3,6537,130,0.2076923076923077
748,145866,0,0,24,2,0.0
749,145918,1,0,286,6,0.16666666666666666
750,146227,0,2,4905,56,0.03571428571428571
751,146799,0,0,60,1,0.0
752,146854,38,17,6189,91,0.6043956043956044
753,147078,0,1,1215,17,0.058823529411764705
754,148004,0,0,1927,23,0.0
755,148355,0,1,3953,57,0.017543859649122806
756,148396,0,0,17,1,0.0
757,148666,1,2,6194,75,0.04
758,148928,26,14,17483,228,0.17543859649122806
759,149231,12,10,6257,88,0.25
760,149498,7,6,14117,162,0.08024691358024691
761,149716,3,3,2389,34,0.17647058823529413
762,150948,6,11,11021,163,0.10429447852760736
763,151470,0,3,3172,65,0.046153846153846156
764,153236,3,2,5308,75,0.06666666666666667
765,153238,21,18,7699,90,0.43333333333333335
766,153427,8,16,7003,139,0.17266187050359713
767,154059,46,10,9851,178,0.3146067415730337
768,155423,1,0,1438,17,0.058823529411764705
769,156501,3,1,5741,82,0.04878048780487805
770,156808,2,3,8243,102,0.049019607843137254
771,156814,6,6,5146,90,0.13333333333333333
772,158057,1,1,514,14,0.14285714285714285
773,158071,0,0,29,1,0.0
774,158704,0,0,791,23,0.0
775,158791,3,2,8721,114,0.043859649122807015
776,158795,7,1,5287,95,0.08421052631578947
777,158849,0,0,1725,25,0.0
778,158863,12,6,22141,247,0.0728744939271255
779,159142,0,0,2521,29,0.0
780,160182,0,0,660,13,0.0
781,160506,0,0,406,8,0.0
782,161267,0,3,1201,27,0.1111111111111111
783,162027,0,0,360,4,0.0
784,162038,35,4,6822,81,0.48148148148148145
785,162043,0,0,10,1,0.0
786,162056,18,6,6177,105,0.22857142857142856
787,162063,0,0,74,2,0.0
788,162074,3,1,1354,25,0.16
789,162079,2,1,2560,58,0.05172413793103448
790,162652,0,2,850,28,0.07142857142857142
791,163086,3,3,5170,67,0.08955223880597014
792,164055,0,11,5939,79,0.13924050632911392
793,164292,0,0,17,2,0.0
794,164477,0,0,33,1,0.0
795,164770,7,5,16760,198,0.06060606060606061
796,164816,0,0,11,2,0.0
797,165007,14,34,13100,209,0.22966507177033493
798,165012,2,1,1961,31,0.0967741935483871
799,165467,0,0,5291,53,0.0
800,165873,0,1,450,5,0.2
801,166677,1,1,2714,28,0.07142857142857142
802,166683,0,0,963,39,0.0
803,167093,0,1,4244,51,0.0196078431372549
804,167228,0,0,2868,32,0.0
805,167291,10,4,5158,63,0.2222222222222222
806,167721,28,7,6049,98,0.35714285714285715
807,167798,1,3,620,24,0.16666666666666666
808,167850,13,2,1964,28,0.5357142857142857
809,168959,2,4,11307,181,0.03314917127071823
810,169497,0,0,4441,49,0.0
811,170472,5,13,13277,173,0.10404624277456648
812,170646,0,1,788,19,0.05263157894736842
813,170895,2,1,1557,31,0.0967741935483871
814,171068,0,1,1231,15,0.06666666666666667
815,171165,0,0,169,5,0.0
816,171167,0,0,558,11,0.0
817,171362,1,0,5492,76,0.013157894736842105
818,172015,0,0,18508,208,0.0
819,172127,0,0,41,3,0.0
820,172142,2,0,643,20,0.1
821,172181,1,4,2118,28,0.17857142857142858
822,173900,0,2,1256,28,0.07142857142857142
823,174344,7,14,9377,138,0.15217391304347827
824,174694,0,0,133,5,0.0
825,174706,2,0,1556,27,0.07407407407407407
826,174859,0,0,1234,19,0.0
827,175323,4,0,8288,111,0.036036036036036036
828,175446,3,10,11329,138,0.09420289855072464
829,175449,21,31,14172,216,0.24074074074074073
830,175836,0,0,556,13,0.0
831,175914,0,0,44,4,0.0
832,175921,2,1,1032,21,0.14285714285714285
833,176067,3,2,675,24,0.20833333333333334
834,176133,1,0,1567,35,0.02857142857142857
835,176140,5,0,7047,79,0.06329113924050633
836,176285,6,4,3976,64,0.15625
837,176553,5,3,9749,111,0.07207207207207207
838,176591,0,2,2304,41,0.04878048780487805
839,176936,0,0,1350,15,0.0
840,177046,1,13,15713,189,0.07407407407407407
841,177065,23,6,6221,91,0.31868131868131866
842,177452,3,0,943,43,0.06976744186046512
843,177467,103,28,19543,253,0.5177865612648221
844,177847,15,15,6632,132,0.22727272727272727
845,177862,1,2,1503,24,0.125
846,178107,4,3,1290,30,0.23333333333333334
847,178187,3,2,2298,49,0.10204081632653061
848,178314,0,0,696,10,0.0
849,178425,2,8,21768,261,0.038314176245210725
850,179184,1,0,519,15,0.06666666666666667
851,181112,0,1,1443,25,0.04
852,181477,4,4,1969,36,0.2222222222222222
853,181619,0,0,171,3,0.0
854,182381,2,4,1569,33,0.18181818181818182
855,182579,1,2,2006,29,0.10344827586206896
856,182581,1,1,936,17,0.11764705882352941
857,182712,2,8,5151,74,0.13513513513513514
858,182877,0,1,495,9,0.1111111111111111
859,182904,7,4,12015,157,0.07006369426751592
860,182963,0,3,1751,31,0.0967741935483871
861,183647,3,6,14293,163,0.05521472392638037
862,184672,12,5,5358,106,0.16037735849056603
863,184767,3,5,13184,162,0.04938271604938271
864,184779,0,2,4359,52,0.038461538461538464
865,185245,4,0,1410,26,0.15384615384615385
866,185570,1,0,387,10,0.1
867,185593,0,0,153,8,0.0
868,186399,2,2,1135,31,0.12903225806451613
869,186862,3,2,8221,95,0.05263157894736842
870,186891,0,0,971,15,0.0
871,186997,2,0,386,12,0.16666666666666666
872,187530,0,0,93,2,0.0
873,187896,0,0,218,5,0.0
874,188157,0,1,2765,54,0.018518518518518517
875,188651,0,0,159,11,0.0
876,188838,2,1,10267,126,0.023809523809523808
877,188853,0,0,421,11,0.0
878,188854,20,22,18116,258,0.16279069767441862
879,189441,25,11,7664,97,0.3711340206185567
880,189452,0,0,2347,34,0.0
881,189453,4,8,5708,72,0.16666666666666666
882,189458,4,3,4602,56,0.125
883,191217,0,2,2100,23,0.08695652173913043
884,192009,6,5,6915,127,0.08661417322834646
885,192279,0,0,4716,53,0.0
886,192735,0,1,6945,86,0.011627906976744186
887,192736,6,1,2304,62,0.11290322580645161
888,193098,6,15,10596,131,0.16030534351145037
889,193153,0,0,26,2,0.0
890,193515,7,1,3110,47,0.1702127659574468
891,193593,0,0,267,5,0.0
892,193784,1,5,8266,102,0.058823529411764705
893,193938,5,0,2451,41,0.12195121951219512
894,195171,12,14,8698,125,0.208
895,195332,0,0,33,1,0.0
896,195488,0,0,720,8,0.0
897,195605,3,0,1623,29,0.10344827586206896
898,196435,0,1,1224,19,0.05263157894736842
899,197122,1,0,5565,65,0.015384615384615385
900,197126,10,2,2472,68,0.17647058823529413
901,197135,2,10,13470,172,0.06976744186046512
902,197545,10,16,16986,223,0.11659192825112108
903,197602,0,0,1079,15,0.0
904,198006,0,1,1569,25,0.04
905,198008,9,2,2164,27,0.4074074074074074
906,198529,0,0,136,2,0.0
907,199299,0,0,194,6,0.0
908,199321,0,0,10540,119,0.0
909,199330,0,0,90,1,0.0
910,199369,27,7,8642,157,0.21656050955414013
911,200558,2,3,4472,62,0.08064516129032258
912,200612,0,0,3,1,0.0
913,201861,0,1,347,17,0.058823529411764705
914,202984,6,10,12182,161,0.09937888198757763
915,203043,11,3,11875,144,0.09722222222222222
916,203378,2,3,1743,57,0.08771929824561403
917,203394,6,7,3907,58,0.22413793103448276
918,203496,18,23,8350,99,0.41414141414141414
919,203516,0,0,787,20,0.0
920,203617,0,0,2380,32,0.0
921,203778,0,3,3222,42,0.07142857142857142
922,204097,0,0,102,3,0.0
923,204102,0,2,2201,26,0.07692307692307693
924,204103,0,2,378,11,0.18181818181818182
925,205503,0,0,1530,27,0.0
926,205562,7,13,5761,104,0.19230769230769232
927,205569,2,2,3486,61,0.06557377049180328
928,205938,3,0,2224,31,0.0967741935483871
929,206040,1,2,577,21,0.14285714285714285
930,206947,3,5,5683,91,0.08791208791208792
931,207302,0,0,11436,128,0.0
932,207834,1,3,12267,132,0.030303030303030304
933,207917,3,2,2891,47,0.10638297872340426
934,207922,0,0,173,12,0.0
935,207924,13,10,6961,113,0.20353982300884957
936,208116,0,1,300,4,0.25
937,208715,2,2,1831,33,0.12121212121212122
938,208890,7,4,3892,77,0.14285714285714285
939,209513,0,0,180,2,0.0
940,210143,4,1,1000,25,0.2
941,210153,0,0,1192,16,0.0
942,211251,16,17,6813,123,0.2682926829268293
943,211389,0,0,2987,37,0.0
944,211395,0,1,480,13,0.07692307692307693
945,212391,46,12,10342,162,0.35802469135802467
946,212862,0,0,9360,98,0.0
947,212867,0,1,909,14,0.07142857142857142
948,212899,0,0,141,6,0.0
949,213260,15,16,9889,153,0.20261437908496732
950,213595,0,0,339,7,0.0
951,213670,1,1,4768,58,0.034482758620689655
952,213841,0,0,623,8,0.0
953,214316,21,10,4959,92,0.33695652173913043
954,214775,7,11,5104,108,0.16666666666666666
955,216240,3,11,7448,82,0.17073170731707318
956,216463,0,0,468,10,0.0
957,216464,14,6,2986,57,0.3508771929824561
958,216569,2,1,1452,26,0.11538461538461539
959,216870,1,1,8403,106,0.018867924528301886
960,217144,0,3,1699,29,0.10344827586206896
961,217149,0,0,123,2,0.0
962,217728,10,4,3112,42,0.3333333333333333
963,217886,0,1,776,18,0.05555555555555555
964,218118,0,0,334,8,0.0
965,221025,9,5,7154,109,0.12844036697247707
966,221150,1,4,15642,173,0.028901734104046242
967,221309,12,14,8006,105,0.24761904761904763
968,221315,0,2,3449,46,0.043478260869565216
969,221316,22,38,13307,226,0.26548672566371684
970,221321,4,0,5088,58,0.06896551724137931
971,221322,6,27,19364,232,0.14224137931034483
972,221899,26,12,8504,128,0.296875
973,221986,0,3,1574,31,0.0967741935483871
974,222571,0,0,67,4,0.0
975,223053,1,2,7287,105,0.02857142857142857
976,223068,10,9,5889,83,0.2289156626506024
977,223073,0,0,114,3,0.0
978,223560,4,2,1169,25,0.24
979,223725,37,18,9639,176,0.3125
980,223779,0,0,4,1,0.0
981,223781,0,0,4,1,0.0
982,223890,0,2,2539,34,0.058823529411764705
983,224884,0,0,109,2,0.0
984,225015,1,0,3737,51,0.0196078431372549
985,225020,7,2,1441,51,0.17647058823529413
986,225122,28,27,10070,145,0.3793103448275862
987,225452,0,0,594,19,0.0
988,225462,1,0,3447,59,0.01694915254237288
989,225593,12,6,4194,69,0.2608695652173913
990,226005,0,0,24,1,0.0
991,226006,0,0,1023,12,0.0
992,226012,0,0,14580,157,0.0
993,226074,5,8,4298,74,0.17567567567567569
994,227081,5,1,2511,47,0.1276595744680851
995,227805,0,0,6795,76,0.0
996,227961,31,10,7932,123,0.3333333333333333
997,228584,1,3,4301,54,0.07407407407407407
998,228761,11,21,8196,123,0.2601626016260163
999,228917,2,7,8636,117,0.07692307692307693
1000,229004,0,0,95,5,0.0
1001,229604,0,0,16962,183,0.0
1002,229804,11,4,13031,165,0.09090909090909091
1003,230222,1,0,439,5,0.2
1004,230541,1,2,1118,26,0.11538461538461539
1005,230784,16,7,10627,163,0.1411042944785276
1006,230895,0,0,90,1,0.0
1007,231572,2,6,5190,82,0.0975609756097561
1008,232271,3,4,2099,35,0.2
1009,234523,27,2,6343,99,0.29292929292929293
1010,234811,0,0,8533,89,0.0
1011,235412,0,1,1486,19,0.05263157894736842
1012,235540,0,0,562,10,0.0
1013,236202,0,0,761,20,0.0
1014,236734,0,0,630,7,0.0
1015,236956,0,0,1088,14,0.0
1016,237499,0,0,1214,22,0.0
1017,237617,1,0,856,26,0.038461538461538464
1018,238032,0,0,360,4,0.0
1019,238407,5,0,1977,33,0.15151515151515152
1020,238486,0,0,708,14,0.0
1021,238717,0,1,746,18,0.05555555555555555
1022,238865,0,0,434,11,0.0
1023,238868,6,7,8843,139,0.09352517985611511
1024,239962,0,0,616,11,0.0
1025,240039,0,0,861,12,0.0
1026,240360,0,0,1709,21,0.0
1027,240692,0,0,1838,17,0.0
1028,240900,0,0,1610,29,0.0
1029,241391,1,2,1060,20,0.15
1030,242295,0,0,562,11,0.0
1031,242301,0,0,90,1,0.0
1032,242497,5,6,8983,144,0.0763888888888889
1033,242532,7,3,2573,65,0.15384615384615385
1034,242548,9,9,5014,80,0.225
1035,242827,0,0,180,2,0.0
1036,243541,16,3,4948,70,0.2714285714285714
1037,245014,23,14,9917,148,0.25
1038,245048,0,0,484,6,0.0
1039,245056,0,2,996,16,0.125
1040,245893,0,0,831,11,0.0
1041,246204,4,1,3493,51,0.09803921568627451
1042,246277,5,7,4621,100,0.12
1043,246291,8,2,11403,136,0.07352941176470588
1044,246335,0,0,900,10,0.0
1045,246877,0,2,1555,26,0.07692307692307693
1046,247189,0,0,705,10,0.0
1047,247250,8,4,8243,105,0.11428571428571428
1048,247652,7,2,2338,32,0.28125
1049,248213,0,0,43,1,0.0
1050,248330,3,1,4223,59,0.06779661016949153
1051,248738,0,0,8392,88,0.0
1052,249303,0,0,210,9,0.0
1053,249471,0,0,3,1,0.0
1054,249513,3,2,6180,72,0.06944444444444445
1055,249730,2,2,3625,43,0.09302325581395349
1056,250845,4,6,14412,174,0.05747126436781609
1057,251106,40,12,10851,163,0.31901840490797545
1058,251680,0,1,408,8,0.125
1059,251846,0,0,90,1,0.0
1060,251848,2,10,4536,87,0.13793103448275862
1061,251876,3,10,8106,93,0.13978494623655913
1062,251878,0,3,6943,81,0.037037037037037035
1063,251883,0,0,5,1,0.0
1064,251888,0,0,1,1,0.0
1065,251892,0,0,1350,15,0.0
1066,251896,1,0,3257,49,0.02040816326530612
1067,251897,9,4,2773,79,0.16455696202531644
1068,252641,12,13,5919,110,0.22727272727272727
1069,252667,0,3,4645,62,0.04838709677419355
1070,252677,63,32,19589,254,0.37401574803149606
1071,252688,0,0,30,1,0.0
1072,253267,0,0,5,1,0.0
1073,253765,0,0,893,10,0.0
1074,253839,9,1,4623,77,0.12987012987012986
1075,253892,0,0,13,1,0.0
1076,254037,0,2,4199,57,0.03508771929824561
1077,254290,0,2,214,12,0.16666666666666666
1078,254476,0,0,90,1,0.0
1079,255284,1,11,5246,66,0.18181818181818182
1080,255488,1,1,12628,141,0.014184397163120567
1081,255493,0,0,1,1,0.0
1082,255501,3,7,8575,138,0.07246376811594203
1083,255508,56,38,20241,272,0.34558823529411764
1084,255653,61,24,14294,238,0.35714285714285715
1085,255901,5,7,3721,70,0.17142857142857143
1086,255995,0,0,39,4,0.0
1087,256120,0,0,968,15,0.0
1088,256267,8,3,1954,16,0.6875
1089,256361,2,0,641,22,0.09090909090909091
1090,256429,20,10,7911,116,0.25862068965517243
1091,256567,0,0,1080,12,0.0
1092,256680,8,5,4564,86,0.1511627906976744
1093,257062,11,9,5297,71,0.28169014084507044
1094,257376,5,2,7680,86,0.08139534883720931
1095,257448,0,0,223,8,0.0
1096,257462,3,4,930,36,0.19444444444444445
1097,257851,3,4,13601,172,0.040697674418604654
1098,258475,0,0,1040,16,0.0
1099,259930,1,1,555,20,0.1
1100,260230,0,0,270,3,0.0
1101,261502,0,0,73,3,0.0
1102,261504,3,3,3494,63,0.09523809523809523
1103,261927,1,1,2302,48,0.041666666666666664
1104,262117,0,0,50,1,0.0
1105,262365,16,10,6990,104,0.25
1106,262391,0,0,299,4,0.0
1107,262396,0,0,10552,112,0.0
1108,262689,0,0,3008,44,0.0
1109,262939,2,9,6509,81,0.13580246913580246
1110,262980,1,3,4826,59,0.06779661016949153
1111,263183,2,3,524,14,0.35714285714285715
1112,263361,0,0,536,7,0.0
1113,263482,3,1,427,14,0.2857142857142857
1114,263627,1,3,4638,66,0.06060606060606061
1115,263727,14,17,13587,188,0.16489361702127658
1116,263843,0,1,1399,37,0.02702702702702703
1117,263856,8,6,9086,137,0.10218978102189781
1118,263860,4,12,6544,115,0.1391304347826087
1119,264046,0,0,45,1,0.0
1120,265078,0,0,101,7,0.0
1121,266795,15,8,11160,164,0.1402439024390244
1122,266807,47,38,12799,237,0.35864978902953587
1123,267420,0,0,187,5,0.0
1124,268670,2,5,4966,75,0.09333333333333334
1125,268946,0,0,245,3,0.0
1126,268949,0,0,54,1,0.0
1127,268957,0,0,90,1,0.0
1128,268958,1,1,333,9,0.2222222222222222
1129,271451,0,0,54,5,0.0
1130,271988,0,0,329,10,0.0
1131,272679,1,0,561,16,0.0625
1132,273000,0,0,534,9,0.0
1133,273152,5,2,12669,156,0.04487179487179487
1134,273236,0,0,180,2,0.0
1135,273438,0,0,1362,19,0.0
1136,273738,0,0,15,1,0.0
1137,274347,1,0,391,11,0.09090909090909091
1138,274484,0,0,73,3,0.0
1139,274771,0,0,30,3,0.0
1140,274862,1,1,779,19,0.10526315789473684
1141,275028,0,0,230,4,0.0
1142,276111,0,1,1688,23,0.043478260869565216
1143,277093,11,1,2014,50,0.24
1144,277118,0,1,1072,24,0.041666666666666664
1145,277137,0,1,4509,61,0.01639344262295082
1146,277384,0,0,6907,72,0.0
1147,277533,6,5,3223,64,0.171875
1148,278296,4,1,5209,53,0.09433962264150944
1149,278357,0,0,90,1,0.0
1150,278359,47,8,8499,134,0.41044776119402987
1151,278651,0,0,158,3,0.0
1152,278837,5,5,6866,100,0.1
1153,278992,0,0,159,6,0.0
1154,280701,4,5,3579,61,0.14754098360655737
1155,280730,2,13,6534,81,0.18518518518518517
1156,280795,0,0,565,13,0.0
1157,281404,5,6,2065,47,0.23404255319148937
1158,281755,4,6,3487,68,0.14705882352941177
1159,281769,8,2,10525,128,0.078125
1160,281963,1,1,5323,67,0.029850746268656716
1161,281989,4,4,4071,50,0.16
1162,281990,0,0,90,1,0.0
1163,282006,0,0,64,1,0.0
1164,282371,4,3,1904,40,0.175
1165,282406,1,1,524,13,0.15384615384615385
1166,282411,15,19,11086,149,0.22818791946308725
1167,282421,0,0,53,1,0.0
1168,282429,2,6,3631,45,0.17777777777777778
1169,282434,0,0,29,1,0.0
1170,282544,1,1,1140,23,0.08695652173913043
1171,282671,0,0,318,8,0.0
1172,282672,0,0,178,6,0.0
1173,282694,2,3,1290,42,0.11904761904761904
1174,282700,0,1,615,16,0.0625
1175,282722,3,1,1315,17,0.23529411764705882
1176,282724,0,0,127,2,0.0
1177,282810,1,4,714,10,0.5
1178,283223,1,3,1515,44,0.09090909090909091
1179,283489,0,0,826,10,0.0
1180,284342,0,0,6840,70,0.0
1181,284430,0,0,1003,12,0.0
1182,284454,0,0,19,1,0.0
1183,284727,24,10,9361,123,0.2764227642276423
1184,284854,6,4,5728,96,0.10416666666666667
1185,284857,5,10,8877,106,0.14150943396226415
1186,284884,14,7,6662,110,0.19090909090909092
1187,285322,1,3,3370,43,0.09302325581395349
1188,285771,1,0,226,8,0.125
1189,285957,0,0,83,10,0.0
1190,286384,0,0,3231,40,0.0
1191,286415,0,0,8870,100,0.0
1192,286779,0,0,4947,56,0.0
1193,286849,0,0,1,1,0.0
1194,287178,0,0,39,2,0.0
1195,288230,21,29,6550,102,0.49019607843137253
1196,288318,12,18,8409,128,0.234375
1197,288371,0,0,45,1,0.0
1198,288454,0,0,118,4,0.0
1199,289236,6,1,1524,66,0.10606060606060606
1200,289241,0,0,19,3,0.0
1201,289255,0,5,6223,87,0.05747126436781609
1202,289257,1,1,1151,30,0.06666666666666667
1203,289272,0,1,723,18,0.05555555555555555
1204,289286,1,5,1385,29,0.20689655172413793
1205,289287,0,0,37,3,0.0
1206,289446,0,1,370,5,0.2
1207,290249,6,11,14001,160,0.10625
1208,290273,0,0,1451,19,0.0
1209,291247,0,0,101,6,0.0
1210,291417,4,5,6137,73,0.1232876712328767
1211,294321,0,0,181,3,0.0
1212,294568,0,0,316,9,0.0
1213,294894,2,0,562,16,0.125
1214,295065,0,1,1480,31,0.03225806451612903
1215,295331,7,5,3851,58,0.20689655172413793
1216,295360,0,0,180,2,0.0
1217,295414,0,2,3862,63,0.031746031746031744
1218,295622,1,2,1537,25,0.12
1219,296227,0,1,360,4,0.25
1220,296622,32,29,11443,194,0.31443298969072164
1221,296783,4,1,2073,38,0.13157894736842105
1222,297194,0,0,2148,26,0.0
1223,297784,0,0,3182,65,0.0
1224,298197,0,0,951,12,0.0
1225,298575,4,5,2694,63,0.14285714285714285
1226,298583,0,0,659,8,0.0
1227,298589,6,0,11764,127,0.047244094488188976
1228,298602,2,0,429,5,0.4
1229,298607,1,0,488,14,0.07142857142857142
1230,298613,0,0,630,7,0.0
1231,298976,20,6,5936,103,0.2524271844660194
1232,298983,6,6,3051,84,0.14285714285714285
1233,299715,0,0,360,4,0.0
1234,300168,5,6,9316,143,0.07692307692307693
1235,302991,2,1,5486,80,0.0375
1236,303140,5,0,3848,49,0.10204081632653061
1237,303248,0,0,411,5,0.0
1238,304250,0,0,110,8,0.0
1239,305956,1,0,431,15,0.06666666666666667
1240,305957,0,0,4,1,0.0
1241,307519,0,0,4297,61,0.0
1242,307805,0,0,45,1,0.0
1243,308371,0,0,1264,15,0.0
1244,308801,5,3,2659,39,0.20512820512820512
1245,309007,0,0,140,2,0.0
1246,309110,23,15,10970,152,0.25
1247,311044,2,6,6431,69,0.11594202898550725
1248,311277,0,0,242,3,0.0
1249,311287,0,1,1187,20,0.05
1250,311489,0,0,534,17,0.0
1251,311680,0,0,3,1,0.0
1252,313113,0,0,109,4,0.0
1253,314678,1,2,438,15,0.2
1254,315110,16,4,3143,52,0.38461538461538464
1255,315289,1,1,857,15,0.13333333333333333
1256,316264,4,6,2796,39,0.2564102564102564
1257,316884,0,0,90,1,0.0
1258,317482,0,0,354,10,0.0
1259,318077,1,0,504,19,0.05263157894736842
1260,319131,0,0,201,3,0.0
1261,319160,0,2,583,14,0.14285714285714285
1262,319541,0,0,498,6,0.0
1263,319745,7,5,6492,110,0.10909090909090909
1264,319859,0,0,235,6,0.0
1265,320259,0,0,52,2,0.0
1266,320271,3,3,3571,62,0.0967741935483871
1267,320466,0,0,3,2,0.0
1268,321247,1,0,864,23,0.043478260869565216
1269,321629,0,0,84,3,0.0
1270,322917,1,0,901,21,0.047619047619047616
1271,323169,0,0,12,1,0.0
1272,323704,1,2,608,15,0.2
1273,323740,0,0,3,1,0.0
1274,323831,2,1,345,17,0.17647058823529413
1275,324321,0,0,57,8,0.0
1276,324475,0,0,3,1,0.0
1277,324946,0,0,28,2,0.0
1278,326330,9,9,8117,98,0.1836734693877551
1279,326416,2,0,1778,23,0.08695652173913043
1280,327126,2,0,1475,30,0.06666666666666667
1281,328480,0,0,2006,29,0.0
1282,328914,1,0,595,15,0.06666666666666667
1283,329145,6,1,8884,102,0.06862745098039216
1284,329723,0,1,351,12,0.08333333333333333
1285,329812,1,0,665,17,0.058823529411764705
1286,330352,3,1,4660,67,0.05970149253731343
1287,331496,0,1,851,14,0.07142857142857142
1288,331498,0,0,433,11,0.0
1289,331505,2,3,2800,46,0.10869565217391304
1290,331511,2,2,1013,33,0.12121212121212122
1291,331514,0,0,34,3,0.0
1292,332612,7,0,1965,41,0.17073170731707318
1293,333347,0,0,4,1,0.0
1294,334042,0,0,93,7,0.0
1295,334222,14,6,4966,71,0.28169014084507044
1296,335216,0,0,49,3,0.0
1297,335221,0,0,530,6,0.0
1298,335225,2,4,2001,46,0.13043478260869565
1299,335245,3,2,2114,35,0.14285714285714285
1300,335457,1,1,181,3,0.6666666666666666
1301,336168,0,0,424,6,0.0
1302,336646,0,0,231,9,0.0
1303,336731,0,1,961,22,0.045454545454545456
1304,336828,1,1,1214,38,0.05263157894736842
1305,336869,3,4,7711,103,0.06796116504854369
1306,337066,4,3,4248,70,0.1
1307,337922,4,1,2231,29,0.1724137931034483
1308,337946,1,0,1267,30,0.03333333333333333
1309,338285,2,1,8874,100,0.03
1310,338424,13,16,10772,125,0.232
1311,338425,15,20,7070,98,0.35714285714285715
1312,339699,1,0,363,9,0.1111111111111111
1313,339707,0,0,45,1,0.0
1314,339808,2,5,5664,69,0.10144927536231885
1315,339816,5,8,4020,62,0.20967741935483872
1316,339820,4,6,4837,78,0.1282051282051282
1317,340205,2,0,147,6,0.3333333333333333
1318,340206,0,0,90,1,0.0
1319,340339,0,0,370,7,0.0
1320,340853,0,2,1912,25,0.08
1321,340867,1,1,2286,29,0.06896551724137931
1322,340870,0,0,83,2,0.0
1323,341110,4,5,2316,33,0.2727272727272727
1324,341227,1,4,2435,35,0.14285714285714285
1325,341230,0,0,90,1,0.0
1326,341264,1,1,3566,34,0.058823529411764705
1327,341272,1,4,4018,52,0.09615384615384616
1328,341317,1,2,1421,31,0.0967741935483871
1329,341713,0,0,5,1,0.0
1330,342385,3,2,6876,81,0.06172839506172839
1331,343273,0,0,207,8,0.0
1332,344393,1,1,1809,23,0.08695652173913043
1333,345654,0,0,820,20,0.0
1334,346289,4,2,7566,98,0.061224489795918366
1335,346766,0,0,825,12,0.0
1336,348425,0,1,42,3,0.3333333333333333
1337,348795,11,6,3780,48,0.3541666666666667
1338,349066,33,5,6166,103,0.36893203883495146
1339,349599,1,8,5890,91,0.0989010989010989
1340,349836,3,0,4695,70,0.04285714285714286
1341,349856,1,1,3081,54,0.037037037037037035
1342,349873,0,0,85,5,0.0
1343,350219,3,7,3250,50,0.2
1344,350364,0,2,1615,26,0.07692307692307693
1345,351478,63,40,17336,224,0.45982142857142855
1346,351746,2,2,1422,21,0.19047619047619047
1347,351809,2,6,9110,105,0.0761904761904762
1348,351892,0,0,166,3,0.0
1349,353032,2,0,2410,29,0.06896551724137931
1350,353959,0,0,17,2,0.0
1351,354361,2,2,2582,36,0.1111111111111111
1352,354697,0,0,1083,18,0.0
1353,354741,25,3,6610,132,0.21212121212121213
1354,355335,0,0,1185,15,0.0
1355,355624,0,0,381,5,0.0
1356,355627,0,1,720,2,0.5
1357,355628,2,6,11025,145,0.05517241379310345
1358,355861,10,3,1507,23,0.5652173913043478
1359,356197,12,19,10347,149,0.2080536912751678
1360,357162,0,1,986,22,0.045454545454545456
1361,357565,4,5,6901,97,0.09278350515463918
1362,357884,1,0,5611,67,0.014925373134328358
1363,357885,12,17,9072,129,0.2248062015503876
1364,358115,0,0,1685,22,0.0
1365,358143,0,0,1993,26,0.0
1366,358250,0,2,6963,89,0.02247191011235955
1367,359210,0,0,42,3,0.0
1368,361104,2,4,3428,51,0.11764705882352941
1369,361254,24,1,4990,74,0.33783783783783783
1370,362086,4,4,2644,34,0.23529411764705882
1371,362842,3,4,2625,48,0.14583333333333334
1372,363541,0,0,25,1,0.0
1373,364237,2,0,2317,32,0.0625
1374,364240,0,0,90,1,0.0
1375,364603,2,1,1232,33,0.09090909090909091
1376,366930,0,1,769,29,0.034482758620689655
1377,367464,0,0,3137,35,0.0
1378,367466,1,2,4327,52,0.057692307692307696
1379,368582,0,0,20,2,0.0
1380,369081,8,8,7392,128,0.125
1381,370691,1,1,2782,36,0.05555555555555555
1382,371003,0,0,7,2,0.0
1383,371174,0,3,1678,55,0.05454545454545454
1384,371998,28,23,7416,117,0.4358974358974359
1385,372051,0,0,4,1,0.0
1386,372246,31,25,14033,179,0.3128491620111732
1387,373683,0,0,39,1,0.0
1388,373916,0,1,186,4,0.25
1389,374077,2,0,2956,51,0.0392156862745098
1390,374081,0,0,1027,15,0.0
1391,374082,0,0,44,3,0.0
1392,374139,7,9,4422,62,0.25806451612903225
1393,376211,0,3,1019,21,0.14285714285714285
1394,376514,2,5,8411,104,0.0673076923076923
1395,376588,0,1,916,15,0.06666666666666667
1396,378139,2,2,4018,74,0.05405405405405406
1397,378293,6,6,7613,101,0.1188118811881188
1398,378463,1,0,1464,19,0.05263157894736842
1399,378954,0,0,445,7,0.0
1400,379548,0,0,90,1,0.0
1401,380598,2,3,4918,60,0.08333333333333333
1402,385084,0,0,155,4,0.0
1403,387129,2,1,8346,109,0.027522935779816515
1404,390688,1,1,1198,20,0.1
1405,391332,0,0,1,1,0.0
1406,391346,0,0,21,2,0.0
1407,391719,2,0,513,8,0.25
1408,393436,0,0,78,1,0.0
1409,394285,0,0,868,20,0.0
1410,396107,0,0,180,2,0.0
1411,396115,0,0,74,1,0.0
1412,396324,0,0,154,2,0.0
1413,396328,0,0,38,3,0.0
1414,396333,0,0,401,9,0.0
1415,396334,0,0,1,1,0.0
1416,396340,0,0,3,1,0.0
1417,396894,52,20,12867,164,0.43902439024390244
1418,397676,0,0,2880,32,0.0
1419,397896,0,1,617,15,0.06666666666666667
1420,398073,2,0,757,9,0.2222222222222222
1421,398159,0,0,26,2,0.0
1422,398163,0,1,291,10,0.1
1423,398184,10,11,4995,89,0.23595505617977527
1424,398808,0,0,794,10,0.0
1425,398809,0,0,507,11,0.0
1426,398886,0,0,62,6,0.0
1427,399273,0,0,3,2,0.0
1428,399775,0,0,613,10,0.0
1429,399776,9,5,9388,102,0.13725490196078433
1430,399779,0,0,86,4,0.0
1431,399780,0,0,12,3,0.0
1432,399887,0,0,422,8,0.0
1433,401530,2,3,5546,63,0.07936507936507936
1434,401624,1,1,1827,21,0.09523809523809523
1435,401922,15,14,6631,118,0.2457627118644068
1436,402733,1,3,1224,18,0.2222222222222222
1437,404688,2,2,1741,39,0.10256410256410256
1438,404839,0,0,544,7,0.0
1439,405398,7,8,5380,94,0.1595744680851064
1440,405564,0,0,1,1,0.0
1441,408471,4,2,2906,45,0.13333333333333333
1442,409106,1,1,1789,24,0.08333333333333333
1443,411177,0,0,90,1,0.0
1444,411975,5,5,8289,95,0.10526315789473684
1445,412045,0,0,153,3,0.0
1446,412363,10,13,3843,74,0.3108108108108108
1447,412669,3,2,684,28,0.17857142857142858
1448,413262,2,5,1549,43,0.16279069767441862
1449,413502,0,0,1,1,0.0
1450,417575,1,1,3316,59,0.03389830508474576
1451,422460,6,5,2775,62,0.1774193548387097
1452,423166,0,0,472,7,0.0
1453,423440,2,2,5577,77,0.05194805194805195
1454,423444,6,0,7840,127,0.047244094488188976
1455,424784,13,5,4525,64,0.28125
1456,425028,0,0,21,1,0.0
1457,429901,0,0,920,18,0.0
1458,430488,0,0,7,1,0.0
1459,430579,0,0,770,23,0.0
1460,433049,45,7,10017,166,0.3132530120481928
1461,434990,0,0,167,1,0.0
1462,439465,0,0,244,10,0.0
1463,441287,2,0,719,19,0.10526315789473684
1464,442805,1,0,4936,62,0.016129032258064516
1465,442816,0,2,1766,23,0.08695652173913043
1466,443222,4,3,1302,36,0.19444444444444445
1467,445631,0,0,8,1,0.0
1468,447052,2,0,462,8,0.25
1469,447661,0,0,1782,38,0.0
1470,448344,0,6,5090,106,0.05660377358490566
1471,448628,1,8,8348,90,0.1
1472,448844,0,1,6126,74,0.013513513513513514
1473,449796,2,2,3957,38,0.10526315789473684
1474,453704,0,0,2295,23,0.0
1475,454238,0,1,1646,23,0.043478260869565216
1476,455056,0,0,526,8,0.0
1477,455181,8,17,4009,65,0.38461538461538464
1478,455349,2,3,1392,30,0.16666666666666666
1479,456938,1,1,178,9,0.2222222222222222
1480,459463,11,7,5118,79,0.22784810126582278
1481,461617,0,0,364,1,0.0
1482,461618,0,0,45,1,0.0
1483,461858,0,0,9,1,0.0
1484,462250,21,14,4994,82,0.4268292682926829
1485,463332,0,0,12,2,0.0
1486,465967,1,1,3984,63,0.031746031746031744
1487,466298,0,1,1589,23,0.043478260869565216
1488,466794,1,0,2426,26,0.038461538461538464
1489,466805,3,1,1325,27,0.14814814814814814
1490,466810,10,4,916,17,0.8235294117647058
1491,471474,2,2,1340,40,0.1
1492,476100,0,0,61,1,0.0
1493,476344,4,10,6236,76,0.18421052631578946
1494,476352,4,6,4696,84,0.11904761904761904
1495,477238,0,0,22,1,0.0
1496,480267,6,1,4289,54,0.12962962962962962
1497,480763,1,1,3336,41,0.04878048780487805
1498,480883,1,2,1069,31,0.0967741935483871
1499,480955,0,0,837,12,0.0
1500,481084,6,5,2224,52,0.21153846153846154
1501,482179,0,0,45,1,0.0
1502,483461,1,0,584,11,0.09090909090909091
1503,483573,1,8,9132,129,0.06976744186046512
1504,487688,1,2,958,31,0.0967741935483871
1505,488626,0,0,188,3,0.0
1506,491693,0,0,736,14,0.0
1507,494880,1,0,2687,32,0.03125
1508,495601,0,1,1268,18,0.05555555555555555
1509,495621,0,0,353,4,0.0
1510,495625,0,0,2234,25,0.0
1511,495629,2,3,5340,62,0.08064516129032258
1512,497663,0,0,105,2,0.0
1513,500191,0,0,254,3,0.0
1514,501418,2,1,3805,51,0.058823529411764705
1515,502676,0,0,2160,18,0.0
1516,503991,2,2,3190,60,0.06666666666666667
1517,505673,0,0,62,4,0.0
1518,505674,1,1,463,3,0.6666666666666666
1519,506248,6,4,5290,70,0.14285714285714285
1520,510971,0,1,61,1,1.0
1521,513031,1,0,1848,29,0.034482758620689655
1522,514514,0,0,16,6,0.0
1523,517753,0,0,2929,35,0.0
1524,517842,0,1,4944,62,0.016129032258064516
1525,517894,6,6,1128,29,0.41379310344827586
1526,520947,1,0,643,14,0.07142857142857142
1527,523977,1,0,532,22,0.045454545454545456
1528,524000,2,1,2435,24,0.125
1529,524010,1,0,1342,36,0.027777777777777776
1530,524925,0,0,619,16,0.0
1531,525299,0,4,1023,9,0.4444444444444444
1532,525578,3,1,1514,31,0.12903225806451613
1533,527350,8,2,1869,61,0.16393442622950818
1534,527698,2,1,2360,42,0.07142857142857142
1535,527838,0,0,399,17,0.0
1536,531062,0,0,65,1,0.0
1537,531829,1,1,850,23,0.08695652173913043
1538,533568,0,0,1072,14,0.0
1539,536152,0,0,12,1,0.0
1540,537382,6,5,3796,66,0.16666666666666666
1541,538810,0,0,64,1,0.0
1542,541646,0,0,112,2,0.0
1543,544106,0,2,2133,22,0.09090909090909091
1544,548111,3,0,338,7,0.42857142857142855
1545,548188,0,0,3,1,0.0
1546,550549,0,0,62,3,0.0
1547,552425,5,3,7455,99,0.08080808080808081
1548,553875,0,4,2946,45,0.08888888888888889
1549,557149,4,9,3652,74,0.17567567567567569
1550,560483,3,2,1493,34,0.14705882352941177
1551,561613,0,0,107,2,0.0
1552,562742,0,0,180,2,0.0
1553,563812,0,2,192,9,0.2222222222222222
1554,563963,1,1,2726,31,0.06451612903225806
1555,566036,1,0,19,1,1.0
1556,568157,10,5,2816,55,0.2727272727272727
1557,568158,0,0,793,19,0.0
1558,568835,0,0,29,5,0.0
1559,569375,0,0,177,10,0.0
1560,569866,3,1,574,21,0.19047619047619047
1561,570421,1,1,1203,31,0.06451612903225806
1562,571020,11,7,3619,68,0.2647058823529412
1563,573775,9,6,2915,58,0.25862068965517243
1564,580560,0,0,665,12,0.0
1565,583508,0,0,62,1,0.0
1566,583510,0,0,28,1,0.0
1567,585700,0,0,6,1,0.0
1568,590690,1,0,88,2,0.5
1569,591375,0,0,36,2,0.0
1570,594926,0,1,242,9,0.1111111111111111
1571,596884,0,0,1,1,0.0
1572,599263,0,0,12,3,0.0
1573,600151,0,0,1,1,0.0
1574,605184,0,0,235,4,0.0
1575,607779,0,0,13,1,0.0
1576,608531,1,0,394,9,0.1111111111111111
1577,609361,0,0,273,9,0.0
1578,610083,0,1,4210,63,0.015873015873015872
1579,610336,1,0,176,8,0.125
1580,611198,0,0,11,2,0.0
1581,611426,0,0,156,8,0.0
1582,615636,0,0,215,5,0.0
1583,616369,5,1,2724,68,0.08823529411764706
1584,617074,1,3,1440,28,0.14285714285714285
1585,618809,1,8,3651,55,0.16363636363636364
1586,623024,0,0,949,15,0.0
1587,625014,0,0,360,4,0.0
1588,625654,2,0,275,13,0.15384615384615385
1589,626913,5,5,1268,25,0.4
1590,627294,5,0,1549,44,0.11363636363636363
1591,628886,0,0,178,5,0.0
1592,630995,2,3,1767,36,0.1388888888888889
1593,631221,0,0,281,8,0.0
1594,631222,0,1,1282,18,0.05555555555555555
1595,632741,1,0,11,2,0.5
1596,634131,2,0,327,1,2.0
1597,634431,0,0,276,8,0.0
1598,634461,2,0,1001,40,0.05
1599,636093,0,0,702,12,0.0
1600,636688,0,3,574,5,0.6
1601,638235,0,1,833,29,0.034482758620689655
1602,640428,2,1,1481,26,0.11538461538461539
1603,646740,2,6,2724,34,0.23529411764705882
1604,646750,0,0,262,6,0.0
1605,668183,1,0,307,14,0.07142857142857142
1606,676318,0,0,1203,33,0.0
1607,678194,0,1,128,5,0.2
1608,683840,7,4,3754,49,0.22448979591836735
1609,709187,2,2,1715,34,0.11764705882352941
1610,715650,0,0,21,1,0.0
1611,724520,1,1,640,10,0.2
1612,769063,0,0,7,1,0.0
1613,789328,0,0,116,4,0.0
1614,841121,0,0,59,6,0.0
1615,844637,0,1,501,11,0.09090909090909091
1616,882772,0,0,34,1,0.0
